Week,P1,P2,P3,P4,P5,P6,P7,P8,P9,P10,P11,P12,P13,P14,P16,P17,P18,P19,P21,P22,P23,P24,P25,P26,P27,P28,P30,P31,P32,P33,P34,P35,P36,P37,P38,P39,P40,P41,P42,P43,P44,P45,P46,P47,P48,P49,P50,P52,P53,P54,P55,P57,P58,P59,P61,P62,P63,P64,P65,P66,P67,P68,P69,P71,P72,P73,P74,P75,P76,P77,P78,P79,P80,P81,P82,P83,P84,P85,P86,P87,P88,P90,P91,P92,P93,P94,P95,P96,P97,P98,P99,P100,P101,P102,P103,P104,P105,P106,P108,P109,P110,P111,P112,P113,P114,P115,P116,P117,P118,P119,P120,P121,P122,P123,P124,P125,P126,P127,P128,P129,P130,P132,P133,P134,P135,P136,P137,P138,P139,P140,P141,P142,P143,P144,P146,P147,P148,P149,P150,P151,P152,P153,P154,P155,P156,P157,P158,P159,P160,P161,P162,P163,P164,P165,P166,P167,P168,P169,P170,P171,P172,P173,P174,P175,P176,P177,P178,P179,P180,P182,P183,P184,P185,P186,P187,P188,P189,P190,P191,P192,P193,P194,P195,P196,P197,P199,P200,P201,P202,P203,P204,P205,P207,P208,P209,P210,P211,P212,P213,P214,P215,P216,P217,P218,P219,P220,P221,P222,P223,P224,P225,P226,P227,P228,P229,P230,P231,P232,P233,P234,P235,P236,P237,P238,P239,P240,P241,P242,P244,P245,P247,P248,P249,P250,P251,P252,P253,P254,P255,P256,P257,P259,P260,P261,P262,P263,P264,P265,P266,P267,P268,P270,P271,P272,P273,P274,P275,P276,P277,P278,P279,P280,P281,P282,P283,P284,P285,P286,P287,P288,P289,P290,P291,P292,P295,P296,P297,P298,P301,P302,P303,P305,P306,P307,P308,P309,P310,P311,P313,P314,P315,P316,P317,P318,P319,P320,P321,P322,P323,P324,P325,P326,P327,P328,P329,P331,P332,P333,P334,P335,P337,P338,P339,P340,P341,P342,P343,P344,P345,P346,P347,P348,P349,P350,P351,P352,P353,P354,P355,P356,P357,P358,P359,P360,P361,P362,P364,P365,P366,P368,P369,P370,P371,P372,P373,P375,P376,P377,P378,P379,P380,P381,P382,P383,P384,P385,P386,P387,P388,P389,P390,P391,P392,P393,P394,P395,P396,P397,P398,P399,P400,P401,P402,P403,P404,P405,P406,P407,P408,P409,P410,P411,P412,P413,P414,P415,P416,P417,P419,P420,P421,P422,P423,P424,P425,P426,P427,P428,P429,P430,P431,P432,P433,P435,P436,P437,P438,P439,P440,P441,P442,P443,P444,P445,P446,P447,P448,P449,P450,P451,P452,P453,P454,P455,P456,P457,P459,P461,P462,P463,P464,P465,P466,P467,P468,P469,P470,P471,P472,P473,P474,P475,P477,P478,P479,P480,P481,P482,P483,P484,P485,P486,P487,P488,P489,P490,P491,P492,P493,P495,P496,P497,P498,P499,P500,P501,P502,P503,P504,P505,P507,P508,P509,P510,P511,P512,P513,P514,P516,P517,P519,P520,P522,P523,P524,P525,P526,P527,P528,P529,P530,P531,P532,P533,P534,P535,P536,P537,P539,P540,P541,P542,P543
1,4.178,4.473,2.055,2.77,12.099,4.36,5.121,6.486,3.23,3.784,0.575,5.218,4.47,4.854,4.196,4.052,4.686,2.744,3.184,2.611,2.863,2.413,4.179,1.258,5.17,4.818,5.152,4.069,3.03,2.067,1.042,3.104,4.685,3.194,1.438,3.384,2.556,2.46,4.22,2.768,4.96,6.853,4.859,3.109,2.563,3.777,2.923,3.537,4.296,10.836,2.104,4.005,2.879,3.534,4.737,4.767,6.115,3.708,4.302,4.643,1.795,3.645,3.187,3.054,4.556,2.809,3.246,6.876,4.744,1.789,2.036,3.053,4.232,8.824,1.38,4.222,5.183,2.85,3.861,4.221,2.077,4.101,2.176,3.229,5.517,5.424,1.65,4.836,7.968,4.479,1.631,4.474,3.48,3.662,2.918,4.868,4.324,4.477,1.863,4.969,3.162,1.809,5.742,2.105,7.154,3.907,0.795,1.596,2.218,4.596,2.419,3.267,3.34,2.095,7.753,1.352,2.703,3.951,2.521,6.979,3.624,2.74,5.625,3.062,2.452,5.014,2.057,4.747,2.772,4.434,7.964,4.192,2.528,1.186,6.866,2.457,2.972,1.1,3.897,5.079,4.455,3.534,3.561,1.959,4.562,6.512,3.21,7.376,4.068,4.848,4.099,3.854,3.472,1.682,2.63,0.269,2.986,2.578,4.261,3.139,4.232,5.877,1.89,2.438,4.544,2.276,6.804,5.099,3.11,2.143,2.362,4.21,3.431,9.746,3.123,3.154,2.461,4.067,5.735,4.135,1.834,6.769,3.859,3.902,3.766,2.184,4.76,3.8,2.693,2.608,2.899,4.959,3.666,5.002,0.965,2.634,4.418,5.289,5.188,1.001,3.272,3.291,4.392,2.702,3.282,2.593,0.717,2.983,7.366,1.444,1.647,2.866,1.298,2.438,3.815,4.299,0.723,1.98,2.384,2.292,3.602,6.514,3.254,6.066,2.836,2.977,2.876,3.356,4.644,3.459,2.902,4.525,3.166,8.167,2.175,6.068,1.981,3.063,2.834,1.346,3.981,7.185,3.939,3.742,6.425,2.281,3.82,2.391,5.001,2.057,2.285,2.59,0.954,10.044,2.911,4.555,3.164,4.183,5.211,4.597,5.263,5.03,4.504,3.5,2.944,4.359,2.382,5.096,3.426,5.385,3.211,2.499,2.21,3.05,1.287,0.015,4.234,6.033,4.521,10.397,5.195,3.691,5.934,4.496,4.388,3.676,4.269,2.334,6.642,4.075,1.607,5.248,1.662,3.707,2.604,3.057,2.171,4.705,2.673,6.154,1.368,4.178,2.876,2.245,2.848,3.146,5.35,3.873,6.417,5.45,7.366,4.76,6.812,3.009,4.424,2.746,4.906,3.003,4.268,2.743,5.458,0.797,4.678,5.066,2.243,5.225,3.173,3.462,6.142,5.375,2.163,2.433,1.934,5.314,2.137,5.841,1.258,9.226,2.019,0.434,3.854,3.704,4.452,6.953,4.367,4.216,0.969,0.733,3.254,5.471,3.943,5.7,4.226,3.485,3.813,4.613,0.248,1.862,4.51,1.645,1.918,3.732,3.469,2.018,3.672,4.581,3.705,1.919,1.939,5.563,4.088,3.223,2.599,3.568,3.272,2.081,2.953,4.377,1.537,2.878,4.292,4.369,1.156,3.643,2.531,2.623,2.642,5.087,9.532,3.379,2.874,5.156,2.181,4.653,2.707,2.187,2.99,5.255,1.927,3.835,3.52,2.687,4.075,2.983,3.858,6.335,4.629,4.756,4.309,1.69,5.703,1.843,6.472,6.03,3.054,3.622,3.2,2.924,1.832,2.284,1.678,6.862,4.789,2.399,2.139,1.022,2.016,3.276,3.347,5.294,1.625,4.282,1.638,1.286,5.17,3.548,3.937,2.887,3.348,2.736,2.282,3.046,4.007,1.82,4.901,1.439,5.431,3.89,10.361,2.844,2.838,4.591,6.38,0.821,2.209,2.813,5.069,2.436,3.561,2.875,4.922,0.104,2.893,4.972,6.603,1.404,3.488,1.44,2.529,3.234,1.791,1.862,2.222,3.132,4.661,6.285,3.391,0.827,1.576,2.669,4.063,0.15,6.318,5.188,2.818,3.082,5.046,4.734,3.657,3.254,2.566,0.364,6.954,1.658,3.133,2.131,3.875,1.478,2.286,5.482,3.182,4.1,1.435
2,3.427,3.722,1.652,4.415,11.57,3.361,3.755,5.514,2.561,5.24,1.857,4.334,3.65,5.166,3.778,3.325,3.026,2.279,4.106,2.494,1.338,3.484,5.7,1.291,6.881,4.51,5.776,1.998,2.723,3.421,1.376,2.504,5.148,2.915,1.469,1.812,2.73,1.951,4.415,2.579,6.087,3.348,4.436,3.11,2.375,3.371,2.121,2.977,4.234,6.196,2.979,3.609,4.283,3.376,5.862,5.418,3.526,2.859,3.176,4.453,1.587,3.766,3.098,2.76,3.923,2.447,3.618,5.164,5.466,1.557,2.048,4.343,4.736,6.975,1.312,4.2,4.449,2.586,3.308,4.273,1.669,3.87,2.293,2.951,5.561,4.367,2.198,4.847,5.564,3.764,1.384,3.748,3.456,2.531,3.008,5.614,3.596,5.856,1.893,6.48,4.118,0.137,7.549,3.473,7.934,4.102,1.252,1.795,2.305,3.072,3.564,2.927,2.921,1.669,5.618,1.362,2.283,3.432,2.289,6.576,4.186,1.93,5.551,3.344,4.113,3.76,2.778,3.499,3.675,5.04,7.209,3.343,2.054,1.345,5.39,3.195,3.97,1.049,3.616,4.679,4.744,4.245,5.593,1.945,6.923,5.569,5.916,5.364,3.642,5.115,3.01,4.488,3.246,1.441,2.916,0.636,2.139,2.702,3.709,2.443,3.722,0.162,1.706,0.442,3.511,2.986,3.884,4.318,3.427,4.333,2.433,4.137,2.204,6.704,2.132,2.93,4.915,4.573,5.548,3.182,1.805,5.484,3.772,4.322,3.682,3.998,3.084,4.636,3.032,2.253,3.862,4.731,3.483,3.995,0.894,3.242,2.594,3.879,3.534,0.147,5.171,2.949,2.898,2.484,3.143,2.886,0.618,2.947,5.207,2.285,1.45,3.19,1.335,2.551,5.135,3.319,1.054,2.903,3.841,2.241,1.96,6.132,4.609,3.956,2.652,3.359,2.823,3.806,4.085,2.981,2.669,6.456,2.714,8.881,2.679,4.789,1.603,3.246,3.251,0.582,3.268,5.902,3.502,3.341,4.862,1.864,3.3,2.13,4.886,2.018,2.435,2.085,0.839,5.885,2.77,2.618,5.32,4.642,4.465,4.209,5.414,3.598,3.877,4.776,2.382,3.383,1.808,3.358,4.446,3.769,2.894,2.342,1.91,2.486,1.994,0.239,4.044,5.848,3.901,6.787,3.626,3.636,6.546,2.22,4.377,4.839,4.037,2.272,5.775,4.036,1.796,4.145,1.978,5.081,3.152,3.564,2.215,5.186,4.488,3.527,1.811,4.474,2.635,1.407,3.109,3.175,2.735,3.994,8.137,4.348,6.599,6.061,7.932,2.178,2.329,2.445,5.376,3.819,3.414,2.835,5.36,0.68,4.212,4.836,1.536,4.658,3.076,3.101,4.782,6.464,2.17,2.289,1.56,7.978,2.551,3.926,2.201,5.401,3.74,0.475,3.132,4.66,3.877,6.923,4.336,6.07,1.223,2.38,3.128,4.969,4.912,4.725,4.361,3.389,3.434,4.537,2.674,2.287,4.367,2.084,1.706,3.316,2.403,2.301,3.467,5.43,3.382,2.098,1.18,4.593,4.276,3.343,2.135,2.604,4.493,2.446,4.146,5.358,1.115,3.205,3.428,3.636,2.18,3.359,3.111,2.564,2.516,3.929,5.07,3.787,2.03,3.767,2.246,3.944,2.742,2.078,4.02,3.549,1.719,4.96,3.651,2.484,2.906,3.528,5.242,3.506,4.278,3.383,5.036,2.282,6.593,3.209,6.349,5.922,0.123,2.788,3.422,3.044,0.83,2.372,1.724,5.256,4.222,1.84,1.73,2.194,2.9,5.59,4.804,5.509,1.666,5.02,1.154,0.985,4.703,3.839,2.769,2.05,3.31,4.364,2.01,4.564,5.748,2.221,4.651,1.477,6.397,2.905,8.642,2.719,3.204,3.32,5.75,0.754,1.391,3.39,3.953,2.32,2.971,3.123,4.296,2.463,2.585,5.917,6.874,0.263,4.022,1.322,2.616,2.086,1.729,1.91,1.969,2.835,5.288,10.916,3.479,2.514,2.741,2.805,3.23,0.162,3.831,5.651,2.129,2.748,4.184,5.106,3.155,3.648,2.78,0.365,3.041,2.885,3.427,1.521,4.784,1.057,2.129,7.121,4.67,3.608,1.905
3,3.732,5.021,1.549,2.354,11.36,3.462,3.217,5.891,2.679,6.51,1.731,5.428,3.736,5.38,3.256,2.88,3.772,2.904,3.234,2.774,4.331,3.338,3.942,0.949,4.638,3.842,6.124,2.834,2.896,1.788,2.695,3.034,5.614,2.051,1.405,2.187,2.808,2.284,4.497,3.42,5.193,4.475,4.998,2.303,2.42,3.716,2.487,2.697,3.755,11.34,1.932,4.681,2.931,4.632,5.253,4.449,3.393,4.002,3.956,3.596,1.646,3.041,3.481,1.207,3.635,3.352,3.97,5.367,3.63,1.821,1.935,3.906,3.172,8.571,1.446,3.336,3.099,2.031,3.134,3.534,3.158,3.725,2.707,2.178,6.583,4.3,2.251,5.966,4.09,2.392,3.537,4.203,3.282,2.898,4.442,5.882,6.223,4.025,0.457,3.77,3.825,2.145,5.463,3.779,5.925,2.629,0.479,2.441,3.32,3.663,2.126,3.517,2.849,1.708,6.017,1.592,5.012,2.349,2.935,5.688,5.052,2.164,5.061,4.208,2.689,4.652,3.037,4.973,3.253,4.313,4.626,3.415,3.287,1.086,4.929,2.589,3.147,1.304,2.022,3.799,6.347,3.569,5.243,2.267,4.28,5.129,4.685,6.47,5.715,3.408,3.811,4.58,2.502,2.204,2.815,0.275,2.518,3.231,3.156,1.521,3.744,6.998,3.236,3.133,2.779,3.926,3.358,3.635,3.57,2.653,2.968,4.79,3.169,6.665,4.037,2.13,3.853,3.225,5.69,4.464,2.212,5.56,3.775,3.569,2.714,5.635,1.508,4.193,3.296,2.18,2.867,3.124,3.688,3.941,1.881,2.02,3.618,3.182,3.122,0.323,5.279,3.696,3.9,2.665,2.839,2.571,1.382,2.519,4.553,2.088,1.448,3.822,0.608,2.619,3.685,3.851,0.641,3.731,2.649,1.822,2.231,4.821,4.912,7.176,2.967,2.994,1.736,2.897,4.47,2.421,3.7,4.764,4.146,6.598,2.361,5.954,1.52,3.447,3.384,1.435,2.636,6.182,4.564,3.557,4.044,2.623,4.185,2.287,4.522,1.838,1.674,2.923,0.78,9.619,2.601,4.485,4.374,0.052,4.782,3.897,5.221,3.841,3.558,3.72,2.96,4.209,1.685,6.239,3.592,3.104,2.598,2.17,1.6,2.125,1.582,0.011,4.407,3.989,2.753,9.191,3.953,1.546,5.466,3.742,5.022,4.378,3.754,1.634,6.111,3.59,0.943,3.648,1.834,3.489,5.485,2.901,2.015,4.464,3.727,4.734,1.706,3.956,2.99,2.376,2.422,3.632,2.648,4.416,6.44,4.88,6.447,4.629,4.996,1.735,2.961,3.086,4.96,2.658,3.663,2.573,3.574,1.23,2.947,6.385,1.369,3.779,3.786,3.204,5.157,4.499,2.571,2.151,3.441,4.679,3.236,5.019,3.249,6.972,2.227,0.673,2.934,3.022,3.022,6.889,3.655,6.157,1.643,1.278,2.551,6.349,4.264,3.139,4.263,3.502,3.694,4.366,0.503,2.302,3.453,1.524,1.969,1.924,2.264,2.399,3.651,4.515,4.866,1.961,0.92,3.813,5.36,2.508,2.292,4.523,4.308,2.143,3.397,6.011,1.338,2.946,3.269,4.131,1.239,3.556,2.204,2.884,2.676,3.022,3.994,3.29,2.866,4.698,2.374,3.198,2.816,2.022,5.986,3.63,1.181,4.43,4.98,2.982,4.441,3.683,4.257,3.685,4.167,3.68,4.069,1.77,4.303,1.856,4.878,3.162,3.786,2.758,3.566,2.975,1.466,2.407,1.782,8.459,3.17,3.049,3.683,1.969,2.766,5.957,3.129,4.934,1.615,4.069,0.398,1.021,5.296,3.508,3.068,2.17,3.314,3.699,1.965,5.143,3.724,2.119,3.821,3.374,5.184,3.318,6.693,4.47,2.154,3.46,5.058,1.186,3.095,3.143,2.34,5.756,2.564,2.958,4.94,3.643,2.5,4.358,6.627,1.647,4.321,1.659,2.342,1.81,2.247,1.82,1.238,2.346,5.28,6.905,2.713,0.825,2.594,2.728,5.285,0.155,3.83,5.222,2.273,2.1,4.289,5.223,2.945,3.273,1.106,0.266,4.059,3.018,3.19,1.787,3.807,1.244,2.778,6.523,3.698,3.362,1.199
4,3.891,4.44,3.623,2.861,9.051,3.415,3.644,5.12,2.723,4.647,2.296,5.376,8.048,5.004,4.161,3.35,5.053,2.325,5.124,3.31,4.2,4.68,5.407,1.077,3.561,4.608,5.77,4.327,4.577,2.002,2.21,3.104,5.74,0.131,1.516,2.328,3.216,2.374,1.939,3.486,6.048,4.767,3.999,2.768,4.641,3.39,2.881,2.521,4.927,4.519,2.144,3.082,2.713,2.884,5.127,6.088,2.606,4.16,4.063,3.816,4.329,2.06,3.12,1.925,6.364,2.874,4.752,5.064,4.21,1.349,1.843,3.528,4.516,8.938,1.648,4.644,4.376,1.83,3.578,3.607,2.746,4.235,1.674,2.942,6.135,5.274,2.366,4.297,3.395,2.427,1.101,3.298,3.872,2.434,3.572,5.195,4.197,3.483,0.12,5.347,3.008,1.866,4.592,3.332,6.795,7.03,1.096,2.845,4.4,2.767,2.522,4.105,1.756,2.473,8.005,1.146,2.932,2.034,2.641,6.22,4.705,1.46,5.61,3.682,2.655,3.814,2.429,3.827,3.691,3.821,4.921,0.11,2.387,0.109,5.873,1.734,2.625,0.943,4.174,5.187,7.283,2.836,5.802,1.659,4.188,7.595,3.934,4.578,3.493,4.015,4.511,4.623,3.04,1.98,4.061,2.938,1.812,3.273,3.582,2.299,3.434,4.393,3.63,2.434,2.947,5.056,5.32,4.263,3.659,2.183,2.788,4.569,2.77,7.356,4.169,2.74,3.541,3.676,4.87,3.879,2.276,7.542,3.532,5.181,3.016,3.486,2.918,5.122,5.169,1.877,3.376,4.431,4.447,6.064,1.867,2.259,6.26,4.266,3.82,0.138,3.716,3.138,3.362,3.323,2.429,1.79,1.589,3.463,4.685,2.267,2.068,1.976,1.436,2.544,4.253,4.116,0.811,2.993,2.903,1.95,1.519,4.181,3.636,5.565,2.236,3.303,2.658,3.951,4.163,3.442,3.368,4.423,3.333,6.818,2.92,5.237,1.262,2.606,3.176,0.54,3.49,6.275,4.521,4.428,5.027,2.537,4.581,1.791,6.585,1.863,2.486,3.358,1.124,5.034,2.41,2.282,4.138,0.051,4.183,4.429,4.482,3.455,5.46,1.746,2.451,3.338,2.232,4.249,4.117,4.039,2.596,2.944,2.504,2.181,2.048,1.376,4.635,3.303,3.017,9.44,5.916,1.728,4.806,3.272,3.648,7.667,4.371,1.764,5.379,3.798,1.285,4.63,1.603,4.686,4.113,2.222,3.563,3.829,3.499,3.76,1.795,3.684,3.176,1.29,2.784,4.262,2.756,3.8,7.023,4.764,7.319,4.922,4.797,2.292,4.199,3.017,2.196,4.683,3.826,2.854,3.494,0.756,4.234,4.985,2.453,3.929,3.448,2.455,4.89,4.475,1.628,2.381,4.787,4.18,3.097,5.392,2.532,5.081,2.462,0.388,2.267,2.736,2.442,5.609,4.564,3.244,1.822,1.882,3.164,5.426,4.391,3.415,3.682,3.521,3.856,4.289,3.511,3.641,3.078,1.377,0.657,2.125,2.111,2.493,3.297,5.229,3.702,1.823,1.72,3.861,4.2,2.892,2.707,4.408,3.2,1.799,2.254,3.238,2.302,2.232,2.654,4.726,1.441,3.391,2.33,2.163,2.663,3.756,3.455,3.036,2.266,3.235,2.25,5.562,2.928,3.248,5.256,8.065,1.415,4.698,4.666,3.585,3.703,3.394,4.264,5.193,3.388,3.926,3.483,1.882,5.107,1.822,4.837,5.194,3.805,2.997,3.296,3.179,1.841,2.404,1.422,8.12,4.967,2.92,2.736,1.134,1.52,6.962,3.16,6.289,2.047,6.017,0.257,0.905,5.995,3.824,2.448,3.529,3.521,4.139,1.929,5.646,3.92,1.823,3.114,0.905,7.034,3.985,9.48,2.416,3.058,3.892,5.621,1.021,2.983,3.224,3.27,3.073,2.102,3.216,4.963,3.77,2.527,4.43,7.65,1.278,5.187,1.395,2.386,1.918,2.408,3.059,1.691,2.856,5.954,5.446,3.877,1.182,3.24,2.026,4.676,0.163,4.655,5.901,2.179,2.585,4.013,5.168,1.822,3.866,4.534,0.268,3.642,3.144,6.329,1.906,3.992,1.432,2.522,5.13,3.852,4.086,1.887
5,2.803,4.306,1.651,3.959,9.544,3.057,2.753,6.273,2.696,5.863,1.851,4.401,3.794,4.982,3.65,6.555,4.564,2.476,4.656,3.007,4.225,3.926,4.306,0.402,3.441,6.126,7.181,3.443,2.859,1.871,2.364,2.366,4.541,0.383,1.654,2.539,3.32,2.267,4.423,2.977,3.999,7.204,3.385,2.854,3.607,3.336,2.234,2.507,3.673,3.783,3.003,5.288,3.123,3.953,3.944,4.904,4.154,3.773,4.793,4.759,2.958,3.977,3.422,0.986,5.606,3.273,4.101,4.689,3.933,1.541,1.956,2.975,3.313,6.544,1.222,5.509,4.123,2.807,4.087,4.856,1.713,3.572,2.687,2.852,5.041,4.599,1.86,5.152,3.544,3.104,4.417,3.279,3.451,2.023,3.716,3.987,3.283,3.375,0.473,3.812,3.101,2.607,3.693,3.33,4.304,3.562,0.864,1.991,3.224,3.194,3.586,4.03,2.898,1.353,5.611,0.655,3.197,2.212,2.073,5.116,3.852,1.82,7.155,3.061,3.196,4.572,2.59,4.156,3.348,5.623,6.948,3.09,2.764,0.111,6.066,2.423,2.709,1.537,2.174,6.419,5.379,4.002,6.008,1.416,3.237,3.418,4.412,5.55,3.384,3.224,4.025,3.745,2.728,2.531,2.826,4.113,1.857,3.362,4.204,2.138,4.306,5.189,2.03,2.795,4.977,2.994,4.11,4.0,3.283,2.116,2.398,4.924,3.509,6.27,3.836,1.885,2.358,4.51,4.756,3.757,1.984,5.922,2.791,4.429,5.618,4.739,3.258,4.986,3.704,3.305,3.352,2.965,3.959,4.76,1.703,2.988,3.614,4.2,2.753,2.459,4.101,4.123,4.882,2.12,2.48,2.219,1.605,2.083,5.278,1.588,1.187,3.668,1.14,2.593,4.692,3.685,1.098,3.039,1.019,1.885,2.008,4.297,3.726,3.944,2.534,3.379,2.063,2.416,4.014,2.734,3.101,4.159,2.808,4.897,2.854,6.577,1.7,2.885,3.239,1.542,3.104,5.506,3.724,3.395,4.691,1.773,4.471,2.303,5.773,1.191,3.631,4.969,0.783,4.804,2.601,4.76,4.722,0.049,5.914,4.172,5.756,4.026,4.217,1.955,2.829,3.665,1.699,6.929,3.854,3.429,3.666,2.603,2.561,3.646,1.838,0.204,4.678,4.587,2.782,9.493,4.276,3.774,6.224,4.434,3.246,3.748,3.26,1.559,7.024,3.752,0.933,3.588,1.836,5.435,3.582,2.784,3.894,4.356,3.628,5.614,2.064,4.111,4.052,1.429,2.916,4.623,3.618,5.199,6.218,4.776,7.744,4.404,3.93,1.571,3.683,3.057,3.138,2.722,3.778,2.736,4.842,0.986,4.794,7.151,1.294,4.1,3.049,3.099,6.666,4.285,2.888,2.229,1.572,5.031,2.902,4.331,1.842,5.669,2.348,0.458,3.46,2.138,4.307,6.86,4.044,2.985,2.065,1.788,3.353,5.887,4.465,4.375,3.529,3.492,5.04,3.763,4.092,2.994,3.664,1.426,2.447,2.87,2.088,2.626,2.976,7.185,4.145,1.824,1.489,3.751,5.386,3.395,1.612,3.838,3.372,3.14,2.686,4.37,1.03,3.391,4.264,7.149,2.196,3.105,1.688,2.381,2.85,3.611,3.626,0.203,2.373,4.122,2.396,4.045,2.328,1.603,3.455,3.824,2.089,4.33,3.645,3.341,4.014,3.852,4.023,3.492,3.483,3.496,3.155,1.844,3.561,2.287,5.617,5.938,3.15,2.429,2.924,2.161,1.222,2.299,1.202,7.43,3.609,2.229,3.034,1.484,2.188,5.118,4.503,5.537,1.548,4.822,0.46,0.908,5.006,4.755,2.638,3.284,4.381,3.862,1.805,4.087,5.182,2.267,2.602,0.732,5.486,3.533,9.216,2.806,2.358,4.04,4.336,1.623,1.907,3.066,2.131,5.135,2.044,3.155,5.488,4.235,3.047,5.464,5.94,2.29,4.906,1.596,3.439,1.749,1.682,1.538,1.34,3.089,4.423,4.939,2.902,1.27,2.773,1.951,5.059,1.358,5.098,4.983,1.919,0.368,3.052,4.096,1.359,2.747,3.827,0.271,6.956,3.138,3.017,1.829,3.086,1.518,2.128,7.422,3.104,3.611,1.248
6,2.458,4.651,3.29,4.758,9.61,2.187,3.98,8.548,2.897,7.882,1.904,6.953,8.693,3.705,4.32,4.481,5.303,2.396,5.02,2.748,4.428,3.148,3.542,0.348,3.062,5.836,5.169,2.077,4.063,1.761,2.784,2.514,4.798,4.489,1.076,2.81,2.638,2.732,3.511,3.419,3.752,6.453,4.252,2.59,2.622,5.04,2.53,3.543,3.489,6.263,1.498,4.184,3.373,3.261,5.293,5.096,3.485,3.806,3.989,4.001,2.095,4.127,3.014,2.008,4.721,1.82,4.996,5.745,3.578,1.81,3.607,4.336,3.702,7.996,2.437,4.3,4.344,2.689,3.687,3.235,2.496,2.657,1.884,2.19,3.997,5.659,2.645,6.082,5.904,2.839,1.576,3.446,3.451,1.838,3.189,6.928,4.032,3.653,2.759,5.328,4.719,2.066,3.31,3.957,8.758,6.048,0.381,2.439,2.514,3.028,8.1,4.468,2.477,2.696,4.498,1.318,2.305,3.712,3.009,4.843,4.556,1.57,6.722,3.348,3.323,3.637,2.464,4.228,2.435,4.043,3.607,3.248,2.411,0.986,6.17,3.0,4.402,1.098,3.62,4.499,5.598,3.503,4.073,2.012,4.126,6.332,4.199,4.018,3.708,4.14,3.89,5.776,3.516,1.832,3.336,2.882,2.077,0.125,5.682,2.656,3.781,4.728,1.756,3.932,2.761,4.87,4.74,3.992,3.484,1.923,2.851,4.514,3.364,7.577,4.663,2.009,2.604,5.295,5.504,4.557,1.643,6.629,5.281,4.229,2.255,3.72,5.809,4.377,6.872,2.33,0.26,3.275,5.579,3.494,1.384,3.573,3.808,6.113,3.704,3.073,4.209,5.065,3.756,2.839,3.261,2.721,1.59,3.186,5.78,0.646,1.37,2.812,2.091,2.975,5.068,3.435,0.846,6.317,2.78,1.659,3.397,3.56,4.884,5.257,2.19,3.773,2.577,1.438,3.696,3.212,3.377,5.002,5.024,5.123,2.592,4.303,1.558,2.123,1.931,1.214,3.27,8.35,4.334,4.378,4.019,1.797,3.863,2.829,6.73,1.698,3.279,3.606,0.793,6.33,2.098,4.549,3.929,3.884,6.451,1.366,4.968,4.223,4.126,2.353,2.921,3.14,2.445,5.262,2.616,3.356,4.157,1.88,2.241,3.125,1.499,0.191,4.282,3.403,2.992,9.57,4.631,3.535,6.445,3.544,4.403,4.992,4.053,1.511,6.376,4.927,1.3,4.135,0.802,3.204,3.608,3.936,1.35,3.608,3.994,3.936,1.868,2.587,2.472,2.658,3.0,3.933,3.211,3.782,6.505,5.055,7.494,4.403,2.462,2.526,4.09,3.072,3.356,3.36,3.644,2.903,3.968,0.51,4.74,4.496,2.364,4.156,2.88,2.98,5.538,4.05,1.708,2.424,1.591,4.979,1.78,4.615,2.518,5.175,4.071,1.02,2.594,2.448,3.998,5.966,4.182,3.02,1.489,2.231,3.108,4.271,5.486,3.279,4.518,3.424,3.592,5.098,3.43,3.074,3.593,1.414,2.099,3.045,2.138,3.772,3.451,3.762,4.476,2.759,1.598,3.407,5.957,3.828,0.092,3.323,4.634,2.84,4.343,3.488,0.935,3.531,3.495,5.716,2.548,4.859,2.62,2.885,2.434,3.091,4.576,2.941,3.181,5.718,2.853,4.976,3.054,3.389,5.559,5.375,1.543,3.748,5.615,3.732,4.119,3.553,5.961,2.788,4.366,4.273,3.348,1.852,4.858,2.522,5.871,5.648,3.538,2.114,2.599,3.1,0.791,2.128,1.265,8.874,3.672,2.942,2.854,1.076,1.794,4.864,3.812,6.774,1.616,4.857,0.562,0.895,4.749,3.397,2.286,4.138,3.365,4.253,1.991,4.897,4.667,2.283,3.541,1.032,5.029,4.362,8.513,0.168,2.82,4.195,5.037,0.677,2.941,3.062,3.076,3.062,2.787,2.587,4.628,2.732,2.256,4.311,6.83,1.761,5.828,1.492,3.707,2.022,2.371,3.266,2.79,2.399,4.672,4.74,4.043,0.8,2.706,1.526,3.712,0.274,4.709,6.147,2.404,0.708,3.602,5.416,3.693,2.904,2.81,0.879,4.782,2.824,3.672,1.314,3.1,1.634,2.63,7.154,5.126,4.475,1.915
7,3.169,3.697,3.941,3.967,9.673,3.925,3.911,4.806,2.981,4.925,1.782,5.386,2.887,6.537,4.725,5.99,2.973,3.024,2.753,2.316,4.953,2.211,4.291,0.804,4.35,4.476,8.267,3.348,2.608,2.053,2.52,2.407,4.934,4.258,1.72,2.709,2.982,2.397,3.121,1.693,3.636,5.087,3.731,2.511,3.261,4.636,2.874,2.653,3.472,3.629,1.515,3.064,3.61,3.595,3.624,5.248,4.007,3.567,6.005,3.89,1.373,3.573,3.134,2.782,6.109,3.223,6.214,5.453,3.381,1.632,5.019,3.522,3.465,5.9,1.394,3.834,3.635,2.89,4.223,4.434,2.642,3.012,2.204,2.435,0.238,4.363,2.002,6.089,3.314,1.909,2.291,3.36,3.386,2.788,3.694,4.823,4.235,3.607,1.776,4.51,2.118,2.07,2.758,3.322,4.211,4.221,1.026,2.959,3.378,2.734,7.914,4.682,2.655,1.823,6.366,1.867,2.749,3.095,2.884,4.695,3.466,2.045,5.582,3.262,3.536,4.151,1.941,5.911,3.933,3.393,6.148,2.503,2.575,2.814,6.893,3.362,2.34,1.005,3.704,4.56,5.592,2.646,6.717,2.152,4.894,8.293,3.636,4.225,2.869,4.01,4.237,3.812,2.767,2.116,2.299,2.718,1.714,3.246,3.039,1.855,3.83,6.275,3.69,3.945,2.876,3.468,5.724,4.766,3.672,3.402,3.173,5.551,2.757,7.911,3.801,2.508,2.372,4.324,3.308,5.309,1.6,6.035,3.722,4.531,2.909,4.22,4.743,4.285,5.304,1.964,0.216,3.412,0.575,4.863,1.688,2.933,3.016,4.521,3.429,3.546,5.021,4.761,4.418,1.804,2.453,2.367,1.51,3.249,5.967,1.805,1.984,2.292,2.089,2.532,4.008,3.41,0.596,6.384,2.711,1.586,2.157,3.307,3.36,4.861,1.862,3.282,1.998,1.58,4.316,2.861,3.697,4.174,2.727,6.643,2.807,4.527,1.586,2.579,2.966,0.407,3.855,2.758,3.903,4.228,5.469,1.723,4.305,1.548,3.863,2.037,2.495,3.535,3.585,6.871,2.46,4.817,3.427,4.124,4.153,2.234,6.271,3.272,6.266,2.345,3.279,3.412,1.7,3.898,0.153,3.362,3.292,2.078,2.322,2.598,1.362,0.194,4.163,4.595,2.648,10.145,3.749,3.321,5.09,2.596,2.898,5.268,3.563,1.104,5.472,5.156,1.712,6.148,1.641,3.505,3.637,2.929,1.631,4.755,4.032,3.236,1.354,2.882,2.71,1.447,2.529,2.841,2.496,3.837,5.614,4.366,7.126,4.331,4.03,2.373,3.373,3.247,3.506,2.913,4.436,3.703,3.859,0.808,4.942,9.964,1.932,4.406,2.972,3.299,6.181,4.578,1.886,2.225,1.215,4.265,3.001,4.638,2.11,7.562,1.933,0.408,3.102,2.373,3.345,6.231,3.812,2.786,2.185,4.13,3.283,4.708,3.932,3.816,4.042,2.811,5.166,4.353,1.215,3.993,2.918,1.547,1.778,2.516,2.268,2.503,2.439,4.315,2.305,1.68,1.535,3.371,3.997,2.947,1.791,3.209,2.723,1.768,2.856,5.166,1.228,3.574,3.04,4.31,2.45,2.872,1.763,2.928,2.952,2.1,4.129,3.875,2.43,4.633,1.798,3.943,2.392,2.824,3.769,5.393,1.337,5.54,5.462,3.375,4.392,2.77,4.307,4.706,3.774,3.437,3.715,1.597,5.295,1.988,5.196,3.287,5.624,2.857,3.112,3.966,1.088,1.6,2.377,6.35,0.204,3.724,2.744,1.11,2.452,3.228,4.168,5.238,1.575,5.755,0.314,0.888,4.422,4.123,1.862,5.099,3.646,4.114,1.413,4.901,4.008,2.971,3.417,2.934,4.448,4.183,9.398,1.512,2.35,5.097,4.765,1.32,2.579,4.851,2.135,4.328,2.14,3.046,4.654,2.805,2.028,4.7,4.491,1.341,4.931,1.658,3.038,1.903,1.958,1.545,2.091,2.494,7.399,3.372,3.724,1.168,3.752,1.256,3.727,0.153,4.142,3.756,2.199,3.162,2.993,3.884,2.638,3.385,2.718,1.774,4.118,1.388,3.525,1.711,2.958,1.32,2.27,4.13,3.97,3.9,1.367
8,3.205,3.106,2.293,3.477,7.543,3.975,3.976,4.633,3.309,3.764,1.854,4.128,4.892,4.229,3.278,3.924,2.696,2.103,4.612,2.945,4.233,1.825,3.542,0.346,4.981,3.114,8.047,2.304,2.258,1.771,2.45,2.241,6.065,4.428,1.693,3.046,2.413,2.374,4.721,3.858,5.513,4.017,4.715,2.098,3.362,4.679,2.413,2.196,2.794,4.785,2.766,2.205,3.943,2.904,2.158,4.397,3.007,3.677,4.392,3.174,1.475,3.172,3.477,1.561,3.983,3.337,4.709,6.906,3.725,1.882,5.434,2.616,2.176,4.559,1.175,3.956,3.652,3.148,4.027,3.688,2.309,3.219,2.07,2.362,4.369,4.161,2.064,4.747,4.481,2.029,3.09,2.695,3.558,2.227,3.588,4.505,3.624,3.828,0.639,5.316,2.785,2.963,3.455,3.392,4.829,3.657,0.51,2.063,3.613,3.255,2.61,4.118,1.696,2.22,7.619,1.464,3.096,3.321,2.496,4.44,3.91,1.263,5.709,3.635,3.777,4.094,2.018,3.105,3.192,3.733,4.255,2.745,2.054,0.633,5.577,3.222,4.245,0.812,2.431,4.171,5.621,2.98,4.217,1.599,5.05,7.036,5.576,5.522,4.074,3.487,2.686,3.26,3.334,2.32,2.598,3.922,2.767,3.238,3.346,1.731,3.482,3.74,2.094,2.141,4.05,2.716,8.374,3.97,3.4,2.431,2.387,4.27,3.108,4.624,3.759,2.478,2.387,2.782,4.767,4.228,1.873,3.65,4.25,4.278,2.77,3.004,4.183,4.469,5.335,4.624,3.113,2.723,5.282,4.65,2.248,2.035,3.329,4.95,4.539,4.684,3.651,5.091,4.666,2.218,2.539,2.83,1.494,2.725,4.791,0.801,2.086,2.01,2.596,3.125,4.768,4.031,1.354,4.256,2.903,1.723,2.256,4.067,5.454,7.724,1.648,2.799,1.686,3.034,4.464,2.775,3.624,2.919,2.635,5.524,2.014,4.786,1.797,2.197,2.582,1.423,2.563,5.531,4.029,3.631,3.577,2.093,4.067,2.5,5.436,1.988,2.739,3.307,3.395,5.06,2.989,3.244,4.504,4.915,4.662,3.289,4.408,4.364,5.995,1.833,2.061,4.178,2.392,4.14,0.169,2.655,3.731,2.195,2.896,2.498,1.442,0.01,3.62,6.543,3.176,8.769,4.984,1.129,4.978,2.287,2.633,4.624,3.913,2.909,5.736,4.217,1.202,5.757,1.299,3.391,3.265,2.101,1.825,3.681,3.973,3.197,1.598,4.71,2.393,1.218,2.944,3.289,2.267,5.734,4.922,5.231,6.456,4.145,4.089,1.674,3.684,3.321,5.11,3.882,3.89,2.705,3.371,1.033,4.397,4.115,2.431,4.28,3.281,4.487,5.904,5.128,1.454,4.091,2.35,3.847,2.82,5.837,2.744,6.132,0.945,0.899,3.937,3.371,3.472,4.207,4.193,3.437,2.031,1.788,3.005,5.285,5.006,2.366,4.343,2.87,4.937,4.918,3.382,2.635,4.123,1.628,0.556,3.503,3.106,2.544,2.38,7.253,3.999,1.79,1.489,2.244,3.594,2.879,2.356,2.665,3.79,2.114,2.41,3.048,2.026,3.522,3.002,3.844,2.125,3.328,2.195,0.481,3.246,2.685,3.181,3.715,2.41,4.083,2.528,4.632,4.049,1.343,3.518,3.906,1.661,4.72,4.069,3.253,3.701,3.757,4.23,3.927,3.841,5.192,3.423,1.53,3.99,1.836,3.592,3.133,3.652,2.663,4.069,3.103,1.449,1.962,1.492,7.282,0.21,2.766,2.684,1.066,3.74,5.426,3.322,6.459,1.646,3.149,0.286,0.899,4.9,3.917,1.844,2.466,3.552,3.927,1.287,4.642,4.728,2.689,2.635,3.23,4.16,2.332,8.768,2.767,2.996,4.614,5.025,1.209,2.138,3.082,2.933,6.601,2.45,2.47,5.245,3.573,2.534,4.251,5.071,2.038,3.665,1.512,3.622,1.866,2.383,1.583,1.752,3.117,4.46,4.854,3.72,1.478,2.828,1.522,2.811,0.15,4.865,3.923,2.501,3.034,4.154,6.328,2.41,3.205,3.494,1.45,4.973,3.435,3.854,1.808,3.156,1.565,2.264,5.184,3.14,4.179,0.918
9,2.898,4.536,3.298,3.616,4.095,3.617,3.686,6.392,2.942,5.819,1.978,6.432,3.848,6.622,1.739,3.166,3.574,2.261,2.914,2.854,7.016,3.002,4.288,0.332,4.896,4.742,4.995,2.327,3.351,1.58,2.431,2.438,4.301,0.124,1.547,2.558,2.413,2.504,3.546,2.985,5.33,5.669,4.082,2.127,2.08,4.247,2.175,0.148,4.0,5.479,3.619,2.092,4.326,2.975,4.496,4.128,3.244,4.354,4.096,4.293,2.222,3.316,4.348,2.084,4.872,2.972,4.68,6.304,3.955,2.039,5.636,3.181,2.693,5.374,2.478,4.925,3.835,3.315,2.529,6.442,1.968,2.1,3.908,2.67,4.406,4.996,2.254,4.907,3.615,2.912,3.022,2.551,3.34,2.634,3.491,2.11,3.304,3.408,1.991,5.4,3.221,2.034,3.214,4.648,5.749,4.084,1.032,1.939,3.424,2.119,4.936,4.985,4.31,1.728,6.193,1.778,2.848,3.843,3.133,5.643,4.207,0.639,5.346,4.152,3.221,4.322,2.042,4.802,3.129,3.693,4.294,2.344,4.286,0.9,5.177,2.094,2.459,1.171,2.28,4.162,4.693,3.004,4.176,1.931,4.023,8.852,3.523,3.643,3.147,4.804,4.201,4.744,3.425,1.595,2.977,2.454,1.476,3.345,3.74,1.97,4.012,3.59,1.767,4.191,4.843,3.988,4.436,3.897,4.201,2.698,2.132,3.487,2.446,7.586,4.911,2.039,2.073,4.202,4.878,4.09,1.821,4.949,3.275,5.674,3.181,3.161,2.964,3.883,5.888,2.135,4.138,2.66,4.406,4.762,3.492,2.062,2.242,4.854,3.412,4.314,5.52,3.389,4.007,2.731,2.264,2.082,1.352,3.008,3.493,1.679,1.937,4.426,1.189,2.959,5.179,4.014,3.862,0.487,1.538,2.187,3.214,5.774,5.234,5.977,1.897,3.201,2.271,3.224,2.787,3.822,4.699,6.395,3.25,6.636,3.462,4.222,1.735,2.144,2.318,0.546,3.405,6.083,3.83,3.861,5.129,1.69,3.804,2.084,4.245,1.885,3.048,4.006,3.272,6.631,2.06,3.626,2.611,3.751,4.416,3.54,4.41,3.687,5.495,1.564,2.538,3.662,1.818,5.017,0.172,2.974,3.134,2.252,2.634,1.636,1.685,1.255,3.571,3.626,2.603,10.581,5.456,3.337,6.298,2.779,3.772,6.408,4.081,1.456,5.989,3.846,1.705,4.883,0.623,3.945,3.882,3.123,1.23,3.298,3.77,4.741,1.752,3.528,2.756,1.247,2.481,3.919,3.743,3.882,5.74,4.849,7.009,4.483,3.462,1.573,5.161,3.352,2.935,4.401,4.047,3.659,3.643,0.661,4.737,4.697,4.455,3.967,3.18,3.13,5.417,3.319,1.912,2.492,3.449,4.973,0.753,4.27,2.482,5.802,2.431,0.708,4.332,4.017,3.813,5.013,3.642,3.088,1.526,2.203,2.936,8.461,4.471,4.23,4.051,2.893,4.695,3.915,3.453,3.814,2.631,1.454,3.416,2.082,2.215,2.736,2.348,6.389,3.147,1.748,1.172,3.498,5.295,3.34,1.946,3.872,3.607,0.191,2.811,4.099,1.494,2.531,3.247,4.808,1.706,2.727,1.77,2.745,3.266,2.024,4.919,3.794,2.503,4.683,2.684,5.698,2.314,1.459,4.213,4.053,1.332,3.392,3.78,3.511,4.902,2.301,5.494,3.705,3.87,3.446,2.868,2.124,4.425,2.661,3.538,3.207,3.623,3.043,3.078,2.367,1.232,2.236,2.116,11.075,3.582,2.76,3.236,1.052,2.337,3.014,3.84,4.657,1.77,7.1,0.296,0.978,6.707,4.388,2.82,1.771,3.327,4.549,1.354,4.553,4.761,1.443,3.43,0.885,4.508,3.878,9.512,2.919,4.01,3.931,6.721,0.585,1.949,2.823,2.041,4.324,3.685,0.412,5.433,2.583,1.862,4.546,5.49,1.286,5.044,2.33,3.921,1.904,1.715,1.406,1.536,3.588,7.383,5.074,3.768,1.695,4.635,1.505,3.246,0.16,4.745,4.132,1.902,2.715,3.729,4.986,1.808,3.604,3.326,1.038,4.804,3.176,2.456,1.912,3.596,1.768,2.92,5.796,3.598,3.945,1.042
10,3.235,3.906,2.891,2.768,5.195,4.298,6.365,4.702,3.881,4.49,2.13,5.665,3.89,5.57,4.35,4.123,3.782,2.572,3.537,2.839,4.397,2.915,4.438,0.345,4.046,4.927,4.352,2.104,3.47,1.86,2.512,2.223,4.266,0.124,1.096,3.24,2.553,2.536,4.697,3.824,4.631,4.442,3.685,2.652,4.084,4.153,2.703,1.478,3.336,7.172,1.349,2.555,4.851,2.974,2.962,0.127,3.335,3.785,4.007,4.206,3.217,3.276,3.401,2.034,5.152,3.066,4.446,6.713,3.142,2.285,7.61,3.923,4.458,6.453,2.421,4.294,3.533,4.094,3.908,4.092,1.614,2.158,2.565,3.29,6.094,0.661,3.184,5.61,6.635,7.159,2.194,2.537,3.782,2.113,3.288,4.81,4.277,3.671,2.652,5.062,2.829,2.115,2.316,3.804,8.104,3.365,0.918,1.86,3.969,2.547,6.754,0.173,3.475,1.265,6.641,1.563,3.18,3.664,2.331,4.862,4.394,1.478,6.814,4.091,2.507,4.609,2.302,5.223,4.701,5.098,4.414,2.951,3.853,1.027,5.66,5.056,4.268,1.277,2.937,4.52,7.494,2.385,4.296,1.843,4.623,6.521,2.928,0.299,4.618,2.668,4.435,6.77,3.276,1.948,2.629,2.546,1.725,3.201,4.266,2.581,4.139,4.334,2.087,2.583,4.261,2.629,5.837,5.29,4.053,2.066,2.773,4.68,2.806,7.991,4.077,2.466,2.736,3.786,3.78,4.878,1.717,6.36,2.618,5.005,3.026,3.402,6.89,6.685,3.855,4.089,4.761,3.801,4.744,4.132,2.861,0.906,2.94,5.955,5.562,3.728,7.771,3.076,3.813,1.996,2.558,1.759,1.4,3.642,4.934,1.593,1.717,2.775,0.867,2.172,5.189,5.045,1.137,3.644,3.454,1.616,1.673,5.387,5.856,4.086,2.392,3.121,2.725,3.454,4.087,4.918,4.054,4.538,3.009,6.166,3.776,2.071,2.558,1.686,2.429,1.587,3.74,4.006,4.122,3.853,3.632,4.043,4.347,2.327,5.579,1.976,3.91,3.173,3.528,5.168,2.758,3.696,4.572,4.185,3.93,2.52,0.495,0.107,3.974,2.28,1.936,3.766,2.255,2.577,3.498,4.361,2.721,2.554,2.673,1.672,1.901,1.514,4.746,5.123,1.992,9.354,5.519,3.213,6.407,4.501,3.402,5.826,3.685,1.467,5.878,6.335,0.939,6.077,1.388,3.687,3.055,2.703,1.859,3.954,2.915,3.597,1.315,2.76,3.306,1.954,2.914,3.634,3.541,3.402,6.833,5.908,7.624,4.951,5.417,2.479,4.016,3.236,3.066,3.741,4.119,3.302,3.362,0.791,4.124,4.764,1.313,3.973,3.54,3.027,5.675,5.622,1.3,2.238,2.044,6.506,1.964,4.066,2.312,6.232,1.442,1.088,3.338,2.182,3.366,6.013,4.552,2.884,2.923,1.415,3.938,4.901,4.832,4.058,0.216,3.703,2.741,3.586,1.864,3.934,3.056,1.256,1.821,2.073,2.68,2.396,2.107,6.579,3.376,1.938,1.563,2.818,4.264,2.798,1.816,3.602,4.048,2.055,2.15,4.943,1.17,2.255,2.9,4.177,1.885,3.514,2.328,2.792,3.582,2.454,3.727,3.265,2.619,4.927,1.774,4.674,3.891,2.188,6.962,6.523,1.604,3.599,4.024,3.155,3.998,3.643,4.965,2.803,4.552,3.424,4.421,1.776,7.667,1.855,5.458,4.462,4.282,2.867,1.817,2.425,0.887,2.087,1.976,8.748,4.251,2.577,2.8,1.462,1.941,3.31,3.383,5.845,2.447,2.93,0.385,0.99,4.386,4.678,1.948,4.888,3.575,3.573,1.381,4.356,4.687,2.104,2.875,1.025,4.312,4.992,9.054,2.204,2.592,4.187,6.616,0.69,2.456,3.711,3.229,5.392,2.332,2.199,5.43,0.105,2.078,4.292,4.592,2.162,2.654,1.617,3.17,0.185,2.582,2.283,1.034,3.32,4.448,5.385,5.015,0.796,4.552,2.609,4.292,2.514,4.78,4.732,3.921,3.116,2.968,5.474,2.71,3.045,3.043,0.889,3.462,3.082,3.439,1.829,3.27,2.033,2.414,5.354,4.134,3.292,1.215
11,3.882,4.527,3.36,3.632,4.477,3.509,4.468,3.907,3.16,5.394,2.08,5.588,4.176,5.747,3.778,4.237,3.464,2.168,4.684,2.773,6.205,4.112,3.755,0.342,3.773,0.015,4.708,2.07,1.96,1.966,2.704,2.394,4.218,3.016,1.232,3.146,2.301,2.06,5.242,2.186,4.058,7.336,3.662,2.256,3.108,3.941,2.092,2.712,3.452,6.163,2.146,2.199,3.896,3.483,2.868,0.132,3.819,3.138,4.404,3.49,2.165,3.641,3.037,2.748,4.888,3.324,5.724,5.691,3.997,1.971,6.576,3.248,3.254,6.257,1.953,6.032,3.829,2.905,1.881,4.228,1.547,3.649,1.902,2.22,6.158,3.0,2.488,6.795,5.027,2.504,3.172,2.516,3.803,1.916,3.927,4.983,3.689,3.569,1.302,6.637,2.895,2.219,5.224,4.031,8.499,3.455,0.382,2.225,4.606,3.135,2.621,3.836,4.184,1.17,4.036,1.654,3.086,3.61,2.758,4.76,4.96,2.09,4.967,3.857,3.415,4.349,2.942,1.943,2.89,3.592,6.704,1.854,2.441,1.67,7.006,1.926,3.651,0.947,4.197,4.756,4.609,4.782,5.218,2.699,4.48,6.29,4.113,0.312,3.537,0.269,4.84,3.959,3.081,1.531,4.446,2.845,0.165,3.164,5.067,1.8,3.516,5.78,2.657,2.241,4.592,2.702,2.98,4.147,3.468,1.549,2.302,4.49,3.581,7.662,4.914,2.914,2.572,3.862,4.918,5.652,2.395,4.716,2.296,4.454,2.537,4.701,3.446,4.911,3.858,1.941,4.983,2.416,4.043,4.234,3.188,2.495,2.508,4.831,3.018,4.251,4.441,2.484,4.274,1.297,2.392,2.029,1.185,2.578,4.616,1.633,1.912,2.018,2.241,2.004,5.22,3.297,0.88,3.065,2.748,2.07,1.68,4.39,4.604,5.637,2.855,3.206,3.033,3.619,4.684,3.126,4.0,4.271,4.16,5.244,2.915,6.362,1.537,2.179,3.254,1.495,3.275,4.946,4.429,3.618,4.504,1.865,3.688,3.15,4.883,2.09,3.216,3.398,2.792,7.967,0.567,1.781,5.238,5.696,3.923,5.552,2.053,3.45,4.531,2.464,2.661,3.954,2.083,4.454,3.611,4.493,1.979,7.431,2.462,3.875,1.488,1.78,4.57,5.909,1.571,9.049,5.379,3.997,5.915,3.838,3.258,7.013,4.333,1.462,7.426,4.622,2.114,3.737,1.908,3.926,2.572,2.443,1.904,4.708,3.958,3.571,1.772,3.206,3.832,1.363,2.641,3.185,3.212,4.318,5.691,4.336,5.98,4.717,4.421,1.733,5.289,3.208,2.308,4.16,5.415,4.099,5.301,0.739,4.392,5.716,3.628,3.838,2.964,3.002,5.68,5.059,1.704,2.415,1.901,5.214,2.265,4.458,2.955,7.429,1.731,0.906,3.541,1.854,2.905,5.211,3.728,2.339,1.818,1.247,4.452,5.536,3.938,3.649,0.277,3.149,2.959,4.27,3.457,3.4,3.034,1.435,3.35,2.054,2.919,2.508,2.183,5.266,4.464,1.327,1.766,3.036,4.355,2.876,1.822,3.552,2.481,3.059,3.705,3.116,0.792,5.483,2.908,4.998,2.261,3.179,3.081,2.097,3.329,3.778,4.889,5.258,2.12,6.364,1.906,3.469,3.045,2.209,4.902,5.148,1.207,2.911,3.928,3.974,4.202,3.715,4.547,3.398,3.138,3.502,5.417,2.587,4.855,3.777,8.534,3.414,3.527,3.674,4.249,3.032,1.664,2.183,2.145,7.221,4.022,4.223,2.387,1.042,1.723,2.508,3.07,5.228,1.55,3.292,0.962,1.501,7.448,2.879,2.259,1.594,3.859,3.527,1.362,4.965,3.646,1.593,3.338,0.887,5.075,3.985,8.922,2.903,3.695,3.397,6.017,0.66,2.509,3.486,2.767,4.721,3.114,2.145,4.402,2.303,2.076,4.12,5.432,1.875,3.993,1.416,3.223,1.508,3.158,2.242,2.318,2.449,5.78,5.36,4.087,0.814,4.579,1.562,3.952,1.629,4.834,5.221,2.765,2.382,2.576,5.136,2.916,3.402,3.486,1.184,4.146,2.864,3.757,1.848,4.59,2.07,2.599,5.617,3.903,3.457,2.417
12,3.493,3.724,3.413,4.737,3.839,4.046,3.794,4.384,2.904,5.173,1.544,5.775,5.532,5.179,3.937,4.05,3.885,2.259,4.74,2.795,4.385,3.173,4.134,0.38,5.607,2.817,7.305,2.073,3.991,1.902,2.284,1.845,5.917,3.182,1.56,2.753,2.655,2.204,4.726,2.504,4.212,4.647,3.51,2.559,3.061,3.654,1.963,2.797,3.55,12.923,1.662,1.969,3.823,2.977,3.895,4.656,3.057,3.906,0.192,4.987,1.719,3.858,2.603,4.085,4.93,3.132,8.116,4.182,3.502,2.073,3.426,4.465,3.021,6.82,1.602,4.894,3.624,4.123,2.461,3.396,1.938,2.637,2.6,2.253,4.891,5.217,3.372,3.859,3.641,1.991,3.207,2.545,4.279,2.66,3.189,5.951,3.399,3.524,0.625,4.194,2.765,2.071,4.14,3.501,6.876,3.568,0.793,1.847,3.122,4.75,1.686,4.11,4.14,1.301,5.644,1.176,3.73,3.831,3.246,5.961,4.254,1.242,7.315,4.12,2.783,3.714,2.273,4.013,3.064,3.813,3.091,2.632,0.678,2.919,5.565,2.058,3.409,1.218,2.626,3.899,6.422,3.126,5.601,1.285,4.568,6.441,6.798,5.562,3.784,3.792,3.787,4.85,2.995,2.035,3.331,4.094,0.165,3.202,4.62,2.636,3.976,4.398,2.326,2.508,4.013,2.765,4.463,4.29,3.153,1.913,2.487,4.364,1.038,7.862,4.194,3.574,1.849,4.489,3.916,5.042,2.061,4.385,2.422,3.951,4.473,2.456,2.881,4.527,3.322,1.757,5.864,3.248,4.758,4.443,2.734,2.602,2.514,5.381,3.323,3.48,3.696,2.165,3.362,2.095,2.885,2.159,1.275,2.996,5.13,2.234,1.115,4.447,0.954,3.008,3.527,4.688,1.038,3.469,3.178,1.9,1.996,4.984,3.713,4.209,2.253,3.13,2.924,2.457,5.732,3.275,3.092,5.921,4.791,7.139,2.541,5.809,1.917,1.941,2.968,0.622,2.638,5.323,3.98,3.553,4.455,2.902,4.097,2.609,5.414,1.518,3.284,3.382,3.574,5.844,0.642,2.364,2.933,5.036,5.074,4.282,4.744,4.383,5.064,2.757,4.718,3.302,1.734,3.636,4.082,2.729,3.599,2.732,2.24,3.526,2.012,1.914,4.783,5.251,0.775,9.822,8.298,4.11,7.032,3.354,4.924,6.243,5.83,1.538,5.469,4.924,2.008,5.105,2.696,4.653,4.177,2.387,1.258,4.234,2.935,3.531,1.648,2.282,3.212,1.311,2.928,2.882,3.526,5.017,6.304,6.952,5.608,4.707,4.987,2.043,4.416,3.205,2.749,2.511,4.615,3.187,4.3,0.764,3.52,5.176,3.188,5.056,2.685,3.133,5.357,4.607,2.479,2.301,2.177,4.812,2.383,5.615,2.012,6.981,2.462,0.926,2.97,2.021,2.644,5.178,4.186,3.058,2.504,2.246,3.356,5.098,3.689,2.492,0.224,3.559,4.884,5.058,3.407,3.319,1.915,1.514,1.653,2.575,2.542,2.721,2.636,7.062,3.613,2.011,1.652,4.377,5.223,1.251,1.936,3.246,3.566,2.452,2.91,4.166,2.095,4.373,2.705,6.823,1.272,2.657,2.556,3.639,2.592,2.952,7.134,5.493,2.332,4.598,2.477,3.797,2.922,2.165,5.52,4.33,1.731,1.6,3.509,3.442,3.342,2.484,3.636,3.541,0.314,3.53,2.858,0.368,3.435,2.564,8.492,4.96,2.721,3.178,4.133,2.364,1.486,2.462,1.635,5.566,4.238,3.043,2.722,1.188,3.644,2.909,3.201,5.485,1.521,5.819,0.685,1.74,5.606,3.515,2.048,2.52,4.187,4.178,1.39,3.979,4.174,2.036,4.994,1.74,5.769,6.653,8.347,3.0,1.899,3.85,5.478,0.724,2.292,2.693,2.891,4.783,2.752,1.563,5.154,2.24,3.147,7.007,4.674,1.326,2.452,2.878,3.793,1.796,1.794,2.192,1.838,3.012,7.518,4.285,4.297,1.066,3.475,1.886,2.713,2.31,4.67,5.746,2.138,3.066,3.786,4.025,2.569,4.753,3.264,1.62,4.898,3.157,3.002,1.86,3.39,2.029,2.404,6.766,6.032,3.69,1.725
13,3.627,3.361,2.3,2.809,4.255,3.613,3.652,4.404,3.022,5.086,0.506,4.784,7.97,5.153,3.578,3.957,2.246,2.25,6.155,3.207,5.04,3.923,4.109,0.367,4.174,3.178,7.798,2.838,2.487,1.887,2.279,2.458,6.513,3.098,1.449,3.241,3.167,2.077,3.697,2.952,5.733,4.144,2.405,2.193,2.857,4.244,2.415,2.578,5.022,6.746,2.538,4.419,3.061,4.203,4.606,4.038,3.183,3.577,3.745,3.753,3.36,3.362,2.722,2.155,3.534,3.66,5.522,7.074,3.897,1.507,7.277,3.055,3.986,6.078,1.94,5.521,4.027,3.325,5.016,2.772,2.083,2.421,2.829,2.504,6.155,2.967,3.036,5.32,4.56,2.121,3.177,2.398,3.107,2.598,2.822,4.186,3.511,3.511,1.673,4.95,3.006,2.051,3.853,4.286,4.747,3.713,0.561,1.4,4.857,3.898,2.511,3.85,3.658,1.461,4.491,1.392,4.595,4.351,3.186,4.807,4.349,1.257,4.614,3.997,3.705,4.795,2.496,3.807,5.842,4.305,5.197,2.548,3.382,2.879,5.685,4.913,4.132,0.923,4.047,5.136,4.548,2.737,3.401,1.851,4.605,9.18,3.862,3.333,0.178,2.295,3.148,5.43,2.663,1.66,2.739,2.404,0.169,3.313,4.437,1.321,3.542,6.034,2.083,2.51,3.831,3.666,2.534,4.536,3.2,2.96,4.016,3.953,3.021,7.458,4.946,4.524,1.775,3.514,4.536,4.056,2.132,4.596,2.122,3.756,2.5,3.694,3.238,5.478,4.146,2.134,4.608,0.116,4.509,3.377,1.826,2.626,1.463,4.818,7.022,3.324,4.832,3.111,3.301,3.11,2.31,2.19,1.249,3.964,5.078,1.533,1.712,2.964,0.813,2.1,6.197,3.393,1.198,4.992,2.914,1.835,2.604,4.6,3.567,5.767,2.023,3.036,1.866,3.91,4.209,3.274,4.41,3.71,3.473,5.693,2.773,5.129,3.319,2.117,3.997,0.723,2.774,4.406,4.097,3.332,5.073,3.013,4.939,2.498,4.478,2.613,3.531,3.597,2.888,5.413,0.566,4.812,4.89,4.689,4.002,3.144,8.347,3.3,3.359,1.751,1.765,3.899,4.37,6.178,4.633,3.533,0.221,3.428,2.467,1.8,1.366,1.566,5.093,5.355,0.829,9.251,4.756,4.049,7.104,3.845,3.276,7.351,3.806,1.486,5.038,4.277,1.342,4.905,1.637,4.725,3.837,3.08,1.366,4.913,2.907,4.186,1.612,3.322,2.898,1.763,2.896,2.993,3.076,4.886,6.388,5.509,7.389,4.526,4.677,3.016,4.482,3.387,2.317,3.366,4.329,3.5,4.55,0.484,3.328,0.33,1.214,4.214,3.627,1.483,5.496,4.136,3.137,1.189,3.901,4.452,2.454,4.756,2.44,8.928,1.953,0.768,3.362,2.46,4.925,6.778,4.921,3.243,2.537,3.523,3.151,7.644,4.206,3.121,2.103,3.081,4.094,4.782,4.233,3.464,3.129,1.656,1.722,2.156,1.768,2.689,2.524,5.044,3.906,1.65,2.411,3.294,3.919,3.2,1.453,5.548,2.003,2.534,3.738,3.801,1.319,3.483,2.447,4.607,1.33,4.42,2.476,3.169,2.533,3.361,4.134,5.604,2.732,5.524,1.8,4.447,4.397,1.495,4.293,4.676,1.722,2.689,4.124,3.133,4.152,3.186,6.236,3.61,0.3,3.426,5.226,0.288,5.484,1.932,2.89,4.722,2.84,3.592,2.388,2.304,0.901,2.055,1.452,9.065,3.593,5.254,2.65,1.397,3.992,3.504,4.629,5.152,1.991,5.513,1.09,1.924,5.723,3.783,2.36,1.788,3.503,3.944,1.415,3.827,4.85,1.749,3.198,2.052,4.652,5.372,5.368,3.742,2.279,4.602,3.862,0.705,2.746,2.581,2.722,5.917,2.799,2.37,5.718,2.374,2.502,4.484,5.35,1.448,2.391,2.378,3.254,2.19,2.154,1.655,1.691,2.292,5.493,11.309,4.063,0.529,2.821,0.863,3.282,2.542,2.864,7.153,2.925,4.609,4.487,5.573,1.92,3.378,2.97,1.625,6.317,3.198,2.895,1.737,3.274,1.63,3.547,6.844,3.71,4.602,1.192
14,3.127,4.683,3.418,3.181,1.841,2.466,3.649,6.064,3.341,5.303,1.953,4.822,7.425,5.807,5.231,4.221,4.402,2.155,4.822,3.005,3.936,4.054,3.858,0.327,4.935,4.319,6.265,2.051,2.676,1.987,2.819,2.882,4.242,3.761,1.342,2.44,2.275,2.975,4.435,3.986,7.191,3.395,3.756,2.592,2.651,4.194,2.491,2.577,3.462,5.537,1.381,4.141,4.055,3.64,5.682,5.191,3.189,3.59,4.706,3.43,1.481,1.756,3.838,2.188,4.398,3.936,6.277,4.236,5.286,1.85,4.667,3.069,5.309,7.619,1.171,3.872,3.245,3.942,4.649,5.371,2.266,2.837,1.903,2.866,5.806,4.434,2.941,4.183,5.371,1.081,2.85,3.427,2.502,2.479,3.443,5.262,4.26,3.426,2.036,5.677,3.834,2.008,2.426,4.065,7.28,6.045,0.405,0.214,4.429,4.432,2.547,4.113,4.093,1.497,2.472,1.962,2.594,3.085,2.89,5.336,4.448,1.586,4.873,3.79,3.816,5.095,2.214,5.39,3.353,4.716,7.822,3.225,3.284,1.323,5.631,3.793,3.402,0.958,3.422,4.364,4.276,2.626,4.037,2.432,4.414,7.605,3.283,4.149,3.313,3.776,5.428,6.04,3.41,1.644,2.256,2.708,0.167,3.434,4.347,1.845,3.774,4.868,2.006,2.431,3.213,2.594,1.333,5.371,3.208,3.002,3.743,3.827,3.087,6.271,5.015,4.856,1.355,4.302,5.376,5.062,1.956,4.672,2.544,4.926,2.542,2.192,3.288,4.078,5.183,2.458,6.497,0.115,4.471,4.447,3.225,2.046,2.328,5.032,3.872,3.248,4.977,3.838,3.7,3.392,3.241,2.391,1.164,3.317,5.918,3.447,1.487,3.007,0.964,1.884,4.146,4.38,0.877,3.282,2.922,1.919,2.25,5.88,4.985,5.754,2.351,2.784,1.896,5.03,2.829,3.454,4.983,5.1,2.438,4.784,3.55,4.864,1.515,1.641,4.918,1.683,3.352,2.008,4.448,3.962,5.691,1.991,4.4,3.913,5.66,2.538,2.933,3.01,3.059,5.127,1.914,2.345,4.221,4.538,6.274,1.287,7.874,4.559,3.795,2.319,2.671,3.82,2.099,4.395,3.41,2.902,3.74,2.157,2.507,1.634,2.19,1.384,4.563,5.985,1.116,9.883,4.958,1.68,5.555,4.684,3.799,8.121,3.812,3.332,5.684,3.668,1.186,5.024,1.635,8.059,3.496,3.108,1.698,4.983,3.996,4.079,1.542,3.245,5.804,1.862,3.558,2.448,4.22,5.288,5.647,3.593,5.019,5.647,4.216,2.27,3.972,4.519,3.013,3.182,3.122,3.425,3.992,0.585,5.878,3.95,1.493,4.255,2.7,2.144,6.176,4.437,1.876,2.562,1.97,6.416,2.101,4.178,2.303,5.89,2.08,1.103,2.658,1.855,4.159,8.132,4.559,3.414,2.595,2.39,2.958,6.75,3.693,3.563,0.229,2.639,4.674,5.126,5.097,3.064,2.472,1.297,1.918,2.53,2.009,2.392,2.649,6.602,3.699,2.025,2.007,2.578,5.739,2.916,0.039,3.816,4.37,3.253,3.445,3.971,0.849,1.988,3.613,7.205,2.135,3.609,2.768,2.792,2.843,3.14,4.571,4.8,2.408,6.908,1.967,3.952,2.94,1.744,5.163,5.095,2.003,4.422,4.007,4.123,5.784,3.226,3.494,5.33,3.312,3.444,3.351,2.069,4.74,2.988,2.899,3.879,3.717,2.374,2.158,1.476,1.655,1.909,1.591,6.256,3.685,3.311,2.739,0.972,2.482,3.4,3.617,4.393,1.832,3.683,0.823,2.104,5.085,4.257,2.016,4.98,3.347,3.934,1.497,4.729,4.738,1.618,0.412,1.249,4.469,4.19,7.651,3.996,3.512,3.956,4.754,0.808,2.466,2.582,2.09,5.278,0.147,0.329,5.509,0.321,2.587,5.397,4.732,2.082,2.601,1.578,3.674,1.687,2.326,2.826,1.741,3.247,5.415,6.869,2.799,1.113,2.613,1.675,4.167,2.207,4.312,4.629,3.894,3.685,4.156,4.526,2.481,3.209,3.756,0.28,3.841,3.013,3.279,1.276,3.338,1.613,3.578,6.778,3.097,2.748,1.29
15,3.439,3.806,3.718,5.259,2.435,4.164,3.654,4.555,3.119,4.478,1.688,3.987,5.429,4.616,3.93,5.62,4.25,2.558,6.048,0.007,4.053,4.588,3.503,0.344,3.801,3.644,3.172,1.93,2.353,1.845,2.496,2.549,3.752,5.015,1.234,3.03,1.831,2.367,4.799,3.304,5.256,3.534,2.941,3.019,2.799,3.885,2.538,2.487,3.852,5.287,2.243,2.517,3.199,3.639,4.063,7.096,3.156,2.927,4.952,0.581,1.497,3.225,1.494,1.778,3.414,4.573,6.109,4.825,3.233,2.102,5.861,3.927,4.217,6.662,1.63,4.032,3.526,3.05,2.477,4.269,1.517,2.842,2.186,2.908,3.808,4.182,2.452,5.74,3.873,3.415,2.694,2.412,2.434,3.475,3.525,4.244,3.351,3.418,0.121,5.556,3.127,1.737,3.158,5.876,5.203,4.417,0.741,2.136,5.643,6.415,2.955,4.814,2.322,1.315,6.868,1.472,3.344,4.453,2.884,4.743,3.949,1.714,5.452,3.662,2.848,4.475,2.139,4.166,3.084,4.642,7.844,3.904,2.188,1.612,5.555,2.721,3.529,0.965,3.893,4.239,7.065,2.798,4.278,1.94,4.831,7.888,3.454,3.72,3.723,4.058,3.603,3.473,4.086,2.322,2.48,3.537,0.167,3.218,3.986,2.164,4.298,5.199,1.89,2.218,4.219,2.559,3.468,4.02,3.845,2.206,2.462,3.934,2.977,10.077,4.637,2.611,0.703,3.59,6.262,5.003,1.848,5.084,3.49,4.613,2.778,3.302,3.542,4.429,4.402,3.037,4.574,2.703,5.583,5.206,2.747,2.085,3.089,4.894,3.682,3.537,5.76,4.14,4.104,2.296,2.554,1.6,1.384,2.757,4.871,2.36,1.712,3.172,1.45,3.737,4.827,4.287,0.873,5.082,3.137,1.847,3.608,4.489,3.817,4.23,2.334,3.322,2.016,3.354,3.252,3.275,4.015,4.111,2.278,7.102,2.508,5.08,2.224,1.462,2.462,1.155,3.601,1.578,3.818,4.024,5.133,2.035,4.468,2.755,6.916,1.992,3.127,4.614,3.457,4.969,2.186,3.172,2.996,4.361,6.162,2.807,4.952,4.064,4.497,1.46,2.733,4.555,1.852,5.754,3.957,4.116,2.952,2.216,1.88,2.042,1.34,0.801,3.593,4.13,0.843,8.426,4.682,3.537,4.863,5.078,3.933,6.578,3.624,1.706,6.397,4.405,1.7,4.474,0.557,5.704,3.199,1.309,1.246,5.144,3.654,5.083,1.514,5.018,2.591,1.963,3.169,3.674,2.82,5.197,7.554,5.14,6.674,4.832,4.921,2.134,4.53,3.089,2.765,2.964,1.135,2.617,4.457,0.686,4.127,4.934,1.862,3.767,2.419,2.177,4.561,0.351,1.85,3.221,1.989,7.262,2.586,4.324,2.28,5.851,0.996,0.923,2.703,2.129,2.29,5.675,5.154,2.956,2.725,1.761,4.473,7.29,3.762,2.452,2.913,3.318,4.783,4.247,3.399,3.411,3.399,1.313,1.78,2.215,2.823,2.347,2.68,6.629,4.496,2.107,1.549,3.17,5.266,2.296,1.698,2.644,3.284,2.46,2.982,3.746,1.668,3.966,2.48,6.308,1.934,3.209,1.777,2.568,2.669,2.65,3.968,4.316,2.912,5.734,1.519,4.607,4.126,2.286,4.808,3.88,1.093,4.187,4.726,3.727,3.734,2.551,4.812,6.535,3.388,3.432,3.182,1.911,5.187,2.23,3.211,4.756,4.314,3.042,2.252,1.452,1.215,1.761,1.429,8.118,3.475,3.819,3.396,0.974,3.804,2.407,2.654,5.144,1.659,4.574,0.693,1.776,6.75,3.716,2.327,3.75,4.083,2.452,1.408,5.232,4.447,2.631,3.07,1.029,5.592,4.237,7.954,2.585,2.63,3.847,6.051,0.862,2.772,2.49,3.187,4.004,3.461,1.376,5.23,2.13,2.292,4.194,4.966,1.352,2.597,1.59,3.641,2.0,2.081,1.724,1.369,3.653,5.245,9.104,3.472,1.133,3.04,0.703,4.18,1.523,3.548,4.552,2.53,3.324,3.812,5.186,2.222,4.315,2.93,0.19,4.065,1.101,3.093,1.758,3.28,1.938,2.14,5.057,0.144,4.475,2.02
16,2.67,2.858,2.863,4.79,2.157,3.061,4.798,5.99,2.662,6.671,1.888,5.712,3.914,6.494,3.616,3.676,4.665,2.148,4.43,0.007,4.094,2.981,3.702,0.377,3.511,5.286,5.055,2.382,2.74,1.88,2.15,2.772,5.855,4.123,1.032,2.684,2.516,2.299,3.101,3.161,6.37,5.304,3.595,2.444,4.258,3.826,3.154,2.394,4.088,4.648,1.695,2.448,3.188,4.572,2.918,4.117,3.461,3.913,0.269,5.48,3.388,4.422,1.027,3.532,3.886,3.203,4.491,0.318,4.611,3.641,6.82,3.995,4.428,7.851,1.679,5.554,3.456,3.089,3.01,3.028,1.612,2.348,1.021,2.38,6.238,3.91,2.483,4.282,4.316,1.771,3.095,2.998,3.4,2.076,3.437,5.217,4.08,6.035,0.962,5.018,1.987,1.961,3.508,3.13,9.398,7.215,0.394,1.65,4.762,5.052,3.141,3.876,3.576,1.62,3.208,0.417,2.946,3.637,3.253,5.765,4.021,1.34,4.658,3.03,2.432,4.344,1.916,4.458,3.25,4.267,3.765,2.549,3.301,1.422,5.524,4.145,3.527,0.905,3.365,4.343,3.606,2.064,3.724,2.106,4.501,8.388,2.97,4.719,3.855,3.906,4.727,3.706,3.392,1.71,3.171,2.602,0.167,3.214,6.28,1.609,4.553,5.548,2.603,2.637,5.342,3.358,4.116,4.571,4.32,1.717,1.764,3.657,3.171,6.456,4.341,3.142,3.544,3.932,4.75,5.499,1.874,6.774,3.552,4.354,3.099,3.327,3.747,7.402,3.373,2.437,4.552,6.548,4.872,5.978,3.672,2.593,2.487,4.367,3.389,3.318,4.326,2.162,4.226,1.889,4.032,0.251,1.658,2.515,3.645,2.333,1.243,3.351,3.021,3.037,3.985,4.595,1.213,3.742,3.192,1.728,2.231,5.443,4.218,4.686,2.196,3.276,2.727,3.587,3.975,3.435,3.852,3.601,4.695,7.999,3.017,4.754,1.978,1.397,2.048,2.239,2.941,4.225,4.356,4.522,3.569,3.003,4.067,2.806,3.96,2.969,3.33,3.1,3.562,5.888,2.13,2.572,4.347,4.476,3.322,4.004,5.92,5.419,3.464,2.214,2.115,3.95,2.341,5.42,4.477,3.224,3.084,3.041,1.711,2.868,1.663,0.661,4.359,3.997,2.319,9.212,5.221,4.386,7.972,3.741,4.283,7.153,3.601,1.537,5.863,4.195,1.463,5.161,1.91,2.754,3.088,2.56,1.606,4.751,3.703,3.551,1.549,3.073,2.722,1.627,3.543,2.654,3.244,4.999,8.374,4.578,5.585,4.387,5.76,2.366,4.569,3.055,2.188,2.41,4.713,2.65,3.452,0.623,3.974,4.74,1.731,4.006,2.84,1.252,6.475,6.021,1.808,2.922,3.419,6.153,3.288,5.751,2.142,4.89,1.993,1.894,3.008,2.084,5.878,7.642,4.038,3.046,4.798,2.67,2.802,7.433,3.638,5.528,0.227,3.753,7.926,4.637,3.471,4.25,2.607,1.438,1.832,2.155,2.395,2.435,2.206,4.834,3.646,2.771,1.538,2.785,3.894,3.919,2.618,3.366,5.402,2.561,2.273,4.032,0.86,2.962,2.435,3.137,1.887,3.472,2.189,2.799,2.807,2.882,6.012,4.03,3.041,5.01,1.805,4.34,2.924,2.203,3.678,4.088,2.336,4.869,4.176,3.425,3.193,3.608,5.09,3.896,4.683,3.46,3.988,2.609,5.375,3.518,5.294,4.298,3.294,2.65,2.107,3.14,1.113,1.944,2.342,6.993,3.862,2.399,3.884,1.123,2.907,3.967,1.876,7.607,1.669,3.922,2.063,2.111,7.564,3.905,2.354,3.477,3.361,3.329,1.41,3.874,4.892,4.554,3.132,1.227,4.574,4.255,7.648,3.073,3.156,3.89,5.386,0.791,2.354,3.419,3.28,5.291,2.855,2.393,6.12,0.219,2.134,4.242,3.47,1.756,3.442,1.497,3.396,1.814,1.789,1.526,2.088,2.865,6.867,7.061,3.582,1.854,3.826,1.601,2.89,1.815,4.651,4.856,2.662,2.437,3.261,5.783,2.104,3.67,3.654,0.423,4.634,2.908,2.866,1.926,2.84,1.961,2.844,5.567,0.14,4.406,1.292
17,3.621,3.393,3.068,4.816,3.139,4.642,5.379,5.36,2.892,4.595,1.58,4.482,4.492,5.55,3.435,4.35,3.684,2.287,4.746,4.278,3.949,4.478,4.871,0.403,7.265,4.198,7.76,4.4,3.798,1.854,2.724,3.245,4.414,4.258,1.452,3.024,2.278,2.199,4.721,3.424,5.356,3.639,3.474,2.982,3.429,4.077,2.957,2.791,3.377,5.324,1.796,2.645,3.982,4.765,4.322,4.558,3.39,4.744,4.029,4.471,3.568,5.25,0.521,2.126,6.003,3.721,8.318,2.374,3.726,2.498,5.404,2.959,5.762,8.592,2.1,5.28,4.423,3.642,3.63,4.331,1.616,2.18,5.626,3.372,5.617,3.367,2.321,5.736,4.833,2.092,2.879,2.842,2.378,2.389,3.856,6.787,3.288,3.449,1.717,6.193,4.06,1.759,2.992,3.883,6.803,5.412,0.754,3.306,3.711,5.521,1.902,4.247,3.943,1.044,6.978,0.711,3.004,2.363,3.16,5.758,5.821,1.811,6.114,4.358,1.794,4.39,2.232,3.607,4.274,5.23,5.009,2.717,3.603,1.134,5.602,0.478,2.778,0.98,4.06,6.378,4.198,3.185,4.228,1.801,4.579,5.991,0.406,3.198,3.913,3.15,4.483,3.614,4.074,1.746,2.591,2.669,0.169,3.191,3.211,2.366,4.024,5.308,2.203,3.028,4.047,3.486,4.032,4.111,3.362,2.37,2.463,4.117,3.835,7.001,7.572,3.501,2.632,3.544,5.672,6.342,2.219,6.136,3.046,4.625,2.788,5.167,2.443,5.942,1.026,2.338,3.986,5.144,4.619,4.335,2.207,2.764,2.616,5.04,5.415,3.557,3.412,0.432,3.391,2.638,3.966,1.952,1.264,3.271,4.885,3.434,1.794,3.484,1.019,3.916,5.922,4.735,0.587,4.513,4.008,1.619,2.963,5.434,3.781,4.991,2.846,3.184,2.674,2.48,3.968,3.564,3.685,4.062,2.73,6.146,2.367,6.861,1.745,2.452,3.582,2.102,4.474,4.035,5.052,2.934,4.115,1.379,5.397,6.474,4.708,2.335,2.85,3.205,3.47,8.13,2.387,3.183,4.274,4.671,5.503,2.967,5.34,4.182,3.376,1.796,2.473,3.435,2.303,5.847,3.564,3.289,3.477,3.502,2.064,2.33,1.7,1.51,4.875,5.399,2.439,8.953,6.725,4.495,6.235,3.329,5.627,5.213,4.072,1.587,5.899,4.179,1.279,4.503,1.778,3.466,3.149,2.576,2.099,3.721,3.609,4.261,1.599,3.349,2.228,1.524,2.732,3.178,3.314,4.119,6.507,4.281,7.265,4.245,4.0,3.371,2.843,3.059,1.983,4.1,3.796,2.816,0.561,0.909,4.419,3.892,2.08,4.008,3.561,1.408,6.558,6.374,2.705,4.24,1.784,5.249,2.843,5.731,3.751,6.339,1.234,1.094,3.356,2.331,6.868,4.958,4.127,3.452,3.006,2.134,4.127,7.037,4.268,4.326,1.669,3.626,3.566,4.286,4.29,3.417,3.54,1.361,0.713,2.269,2.639,2.314,4.393,6.617,4.436,4.533,1.242,3.377,3.565,5.168,1.892,3.754,3.386,3.311,3.074,4.675,1.517,4.578,4.053,4.086,2.045,3.307,2.195,2.942,3.449,2.911,3.326,3.971,3.0,6.275,1.34,4.577,3.611,1.829,4.176,5.726,1.986,2.946,4.115,4.077,4.451,2.384,6.079,3.029,3.417,3.45,4.009,1.54,5.049,2.028,3.572,4.246,3.321,2.555,3.814,2.718,0.849,2.312,1.385,7.782,3.505,4.176,5.002,1.168,3.706,2.51,3.993,5.158,1.584,5.05,1.164,1.659,5.358,3.666,2.336,3.126,3.423,3.985,1.427,3.506,5.467,2.468,3.288,1.56,5.105,4.285,8.682,2.577,4.281,3.131,5.569,0.656,2.239,2.776,3.289,4.201,4.413,3.247,5.352,2.97,1.918,4.249,5.354,1.964,3.399,2.074,3.644,1.582,2.197,3.252,1.68,3.077,5.026,7.001,4.551,0.811,3.105,2.347,3.906,1.999,4.172,5.902,2.021,2.633,3.436,4.403,3.39,3.766,2.917,0.206,4.619,3.134,2.886,1.77,3.2,1.757,2.756,6.129,3.437,4.77,1.651
18,3.26,3.153,2.84,3.764,2.529,2.406,5.137,6.705,2.852,4.632,2.094,4.758,7.474,6.262,5.157,5.066,5.993,2.656,3.07,2.296,3.956,3.022,3.742,0.336,4.612,4.85,6.108,2.108,3.482,1.685,2.414,2.485,4.029,4.688,1.375,2.774,1.811,2.598,4.77,3.11,6.006,4.591,3.742,1.939,2.257,5.216,1.624,2.483,3.846,5.185,2.158,2.288,3.421,2.934,5.539,4.557,3.798,4.647,3.9,3.925,2.669,4.194,0.262,3.869,4.832,3.542,6.582,4.741,3.541,1.494,5.144,3.43,3.993,6.118,1.113,5.154,3.131,3.424,2.804,5.206,2.093,4.474,2.264,3.62,6.585,5.022,2.936,5.1,5.242,2.047,3.04,2.556,2.768,2.998,2.797,4.565,3.443,4.346,2.134,4.674,4.812,2.107,3.047,5.928,5.972,3.595,0.371,4.214,3.422,4.601,2.352,3.474,3.415,1.622,3.518,1.338,2.974,3.015,2.254,5.404,5.167,1.263,6.241,3.977,2.893,4.554,2.056,3.949,3.974,3.885,5.109,3.264,4.249,0.991,5.478,2.229,3.611,0.988,3.684,5.069,4.413,3.174,4.497,1.91,5.058,7.685,5.022,4.47,3.844,2.657,3.907,4.204,3.364,3.065,3.072,2.907,2.194,3.184,4.05,2.002,3.644,4.322,1.699,2.679,5.093,3.763,5.249,5.564,4.064,2.306,2.867,3.927,3.242,6.117,5.443,2.092,4.256,3.476,5.931,7.182,2.577,3.819,3.591,3.854,2.668,3.602,3.499,5.462,2.793,3.725,3.599,3.063,5.26,3.75,2.9,2.035,2.943,4.082,2.987,2.905,5.167,4.019,4.489,2.569,2.47,2.762,1.364,3.696,4.495,1.657,1.392,3.784,1.171,2.618,4.001,4.256,0.164,2.588,3.466,1.833,2.338,3.742,4.741,5.435,2.2,3.456,1.831,3.412,3.927,3.523,3.138,4.967,4.63,6.849,2.855,5.613,2.388,1.919,2.288,1.353,4.636,8.439,3.272,4.909,3.772,2.611,4.545,2.546,8.436,2.219,2.031,3.941,3.311,6.68,1.831,4.01,4.151,4.195,4.951,4.072,4.631,4.42,3.485,2.692,2.238,3.087,3.518,3.895,3.645,4.94,3.024,3.857,1.85,2.797,1.737,0.577,4.024,4.638,4.192,8.904,3.687,4.089,5.792,4.564,3.935,5.754,3.288,1.946,5.022,3.742,1.489,4.189,1.849,4.095,4.678,3.073,0.446,5.284,0.452,3.108,1.601,5.673,2.793,1.897,2.667,2.779,3.775,5.704,6.201,4.855,7.044,4.518,5.108,4.408,5.024,3.331,0.249,2.962,4.042,2.753,4.114,0.928,4.607,6.151,1.76,3.769,2.886,3.278,7.574,4.278,1.424,2.616,1.928,8.694,3.082,4.007,2.17,8.386,1.328,0.527,3.322,1.877,4.661,6.305,4.565,2.601,2.588,3.898,3.728,5.799,4.452,2.019,4.928,3.378,3.705,5.858,0.908,3.485,2.044,1.297,1.717,3.583,2.329,2.926,5.261,3.904,3.939,2.636,1.59,2.413,4.283,2.468,1.799,3.085,3.106,3.672,2.758,3.237,1.297,2.888,2.694,4.285,1.175,2.724,3.272,3.628,2.124,3.07,3.275,5.704,2.582,5.362,1.95,4.6,4.435,1.546,5.316,5.625,1.361,2.583,4.156,3.848,3.25,3.615,4.819,4.089,4.512,4.551,3.894,1.82,4.796,1.819,4.064,4.644,3.746,2.69,3.995,3.551,0.723,2.306,1.98,6.977,3.499,3.349,3.02,1.115,2.259,3.713,3.964,4.94,1.641,4.907,0.88,1.463,3.887,3.38,2.175,1.644,3.663,3.428,1.401,4.518,4.032,2.821,3.25,1.532,6.646,6.04,8.891,2.856,4.576,5.887,5.392,1.477,3.24,2.568,5.424,5.228,3.807,2.656,4.845,2.133,2.5,4.301,3.953,1.845,3.304,1.803,3.603,2.401,2.588,1.342,1.771,3.152,7.259,6.151,4.678,1.403,3.318,0.701,4.654,2.586,4.017,4.835,2.471,2.835,3.154,4.133,2.788,3.693,3.254,0.193,4.633,2.974,2.682,1.578,3.318,1.998,2.096,4.806,3.429,4.018,1.463
19,4.238,3.846,3.297,3.463,4.114,3.056,5.102,5.696,2.773,4.415,2.168,5.479,3.032,6.181,4.263,3.104,3.902,3.205,4.258,3.042,4.292,1.218,4.422,0.361,5.259,4.663,6.543,2.78,3.469,2.443,2.651,2.747,4.492,4.736,1.046,2.853,3.23,2.998,5.883,2.837,4.894,4.624,4.561,2.867,3.044,4.063,2.22,3.743,4.148,5.354,1.931,3.447,3.378,3.432,5.747,4.801,3.648,3.16,4.529,4.199,1.859,4.008,0.115,3.891,3.547,2.902,5.015,5.373,5.474,1.727,5.975,3.287,3.511,6.256,2.221,0.659,4.596,3.082,3.288,3.649,1.787,3.168,2.972,2.198,4.492,5.253,3.324,4.223,5.616,2.35,2.518,4.302,3.762,3.102,3.742,4.346,3.25,3.663,1.072,6.306,2.327,0.767,3.286,4.155,5.578,0.082,1.329,3.777,4.879,5.89,1.626,4.394,2.851,1.278,2.117,1.519,3.28,3.774,2.271,6.212,6.759,1.603,7.152,3.867,2.594,4.218,1.914,2.493,3.163,4.658,4.792,2.786,2.52,3.296,5.085,2.427,3.018,1.03,4.843,5.989,4.018,2.51,7.182,2.688,5.046,9.056,5.145,4.663,3.4,3.611,5.179,5.765,3.025,1.531,3.395,3.962,2.651,3.431,3.082,2.043,4.007,6.163,2.037,2.484,6.18,2.368,3.902,4.506,4.446,2.684,1.954,5.145,3.678,6.344,4.394,2.925,2.489,3.242,4.546,5.023,2.396,3.921,1.931,4.91,5.167,5.251,7.594,4.573,4.438,2.606,4.232,3.111,3.686,4.479,2.737,2.749,3.443,5.443,2.856,3.624,4.957,4.196,4.947,2.344,3.21,2.118,1.146,4.053,4.981,1.792,2.138,2.73,1.637,3.278,4.216,3.632,0.974,3.711,2.932,2.618,2.562,5.44,5.198,4.889,1.885,3.074,1.934,3.751,3.794,3.295,3.857,4.47,5.234,6.338,2.625,4.837,1.326,1.92,3.428,0.078,4.71,7.837,3.773,3.738,4.676,2.418,4.387,2.671,5.373,3.239,2.944,3.628,3.582,7.041,2.086,1.992,6.534,4.352,5.108,1.646,6.095,4.142,3.286,1.82,1.735,4.542,2.244,5.747,3.582,3.626,4.122,3.457,2.415,5.505,2.056,1.276,5.137,5.257,2.59,8.892,5.063,3.708,5.835,4.498,3.887,4.72,3.042,1.532,5.643,4.272,1.42,4.532,0.993,3.498,3.36,3.944,0.236,4.008,5.05,4.206,1.651,4.968,3.19,2.301,3.469,3.674,3.476,5.289,7.69,5.704,5.13,5.065,4.402,4.7,4.944,3.683,2.372,2.099,3.868,2.8,7.471,0.753,4.672,4.035,2.367,4.447,3.052,1.854,8.257,5.865,3.643,4.412,0.183,6.019,2.028,3.578,2.531,4.821,1.294,0.67,3.112,2.577,3.812,6.37,5.06,3.364,3.549,2.874,2.138,6.004,4.025,2.135,4.301,3.273,5.863,4.599,3.482,4.142,4.498,1.333,0.577,2.695,2.162,2.23,4.105,4.346,3.593,1.778,1.523,3.032,4.537,2.012,2.571,2.104,3.248,2.036,2.923,5.479,1.13,3.2,2.836,3.798,1.558,3.116,1.987,1.977,3.88,3.23,5.825,3.579,3.358,5.561,2.287,5.22,1.971,1.642,4.272,4.342,1.599,3.136,3.758,2.732,5.055,3.673,6.978,3.078,3.932,3.742,4.032,2.447,4.754,2.15,6.131,4.836,4.258,4.223,3.309,1.556,0.702,2.256,1.442,6.381,4.563,2.594,2.428,1.28,1.932,2.679,3.256,4.572,1.527,4.127,0.52,1.884,4.418,3.282,3.136,3.007,3.365,4.984,1.393,4.067,4.599,2.65,3.045,1.317,6.647,4.365,7.798,2.742,3.012,3.66,5.348,0.718,1.569,2.301,2.344,4.023,3.78,1.644,5.545,2.187,2.802,3.544,5.658,1.144,4.016,2.048,3.845,1.765,2.957,1.805,1.934,3.364,5.373,6.786,5.855,1.032,3.538,1.457,4.307,1.019,4.1,5.829,2.396,2.74,4.282,4.895,2.042,3.551,3.26,0.26,8.529,3.017,3.326,2.117,3.082,1.981,2.72,4.89,2.994,3.565,1.741
20,4.544,2.798,1.86,4.055,3.917,2.502,3.981,4.826,3.865,3.963,1.522,3.693,4.526,8.458,5.627,5.31,2.592,2.924,2.868,3.334,4.546,2.144,4.283,0.354,4.635,4.935,5.774,3.103,4.058,2.025,2.644,3.356,4.837,4.864,1.625,3.23,2.338,2.289,3.969,3.36,4.88,5.135,3.0,1.73,1.872,5.08,2.372,3.149,3.065,4.462,2.744,2.52,3.104,3.104,5.808,3.673,3.638,2.849,3.994,3.948,2.523,3.393,3.962,1.809,5.117,2.358,6.561,4.964,3.958,1.826,6.568,3.552,5.289,7.465,1.981,4.472,4.725,3.716,3.751,3.731,1.621,1.961,1.731,2.999,5.248,4.924,4.329,4.669,3.56,6.052,2.55,3.952,4.259,2.799,3.428,5.962,3.27,5.47,0.396,5.261,2.536,1.581,3.019,4.195,4.867,3.626,0.739,2.848,3.582,3.838,1.861,4.323,1.925,2.115,3.087,1.692,4.347,4.116,2.464,5.867,5.007,1.584,3.803,4.027,2.652,4.983,1.963,3.914,3.801,3.732,5.762,1.866,2.963,1.67,5.011,2.438,4.042,1.008,3.286,4.748,4.69,2.669,4.232,1.773,5.349,8.398,5.032,3.928,4.458,2.538,4.871,5.543,3.253,2.019,1.917,2.248,2.747,3.22,5.357,2.047,3.902,5.004,1.494,3.258,4.492,4.519,5.315,4.8,3.46,2.248,2.544,4.803,2.965,6.706,4.248,2.985,3.177,3.54,5.605,4.452,2.196,5.014,2.816,4.087,2.868,3.752,4.551,8.089,3.411,2.041,3.095,5.238,5.272,5.481,2.136,0.843,2.454,5.171,5.198,0.13,5.105,3.202,4.346,2.643,3.393,2.756,1.293,3.4,5.32,2.388,1.424,3.276,1.188,2.524,5.165,4.63,0.25,4.139,2.332,2.469,2.727,7.06,6.414,4.504,2.14,3.037,3.309,2.29,5.101,4.012,4.14,3.29,4.468,7.496,3.294,5.779,2.029,2.026,2.611,0.095,3.288,6.344,3.928,3.355,4.794,3.097,5.818,2.076,4.914,0.657,3.308,3.854,1.181,4.878,2.458,2.186,4.731,4.656,5.075,4.003,5.39,5.302,3.495,1.297,2.645,4.473,2.892,7.97,3.736,3.805,2.616,1.849,2.57,3.379,1.823,1.276,5.297,4.987,3.792,8.993,5.045,3.849,4.906,5.544,4.558,5.552,3.48,2.856,7.88,3.771,1.944,4.063,2.09,5.095,4.128,3.057,1.121,4.606,2.344,3.973,1.771,3.548,2.586,2.497,3.292,3.757,3.307,4.486,5.994,4.434,6.656,5.291,5.322,3.511,4.906,3.362,2.864,1.743,4.211,2.753,4.538,0.488,5.192,3.838,1.936,4.495,2.833,1.477,5.536,4.659,3.113,3.304,0.184,5.382,4.744,4.032,1.966,6.588,3.322,0.545,4.512,2.059,5.242,5.932,5.387,3.227,2.512,2.436,3.235,5.078,4.664,5.024,4.055,3.065,3.579,4.168,3.643,3.653,5.538,1.564,1.987,3.137,2.165,2.466,3.384,7.779,3.852,1.914,1.002,3.797,4.889,3.542,2.904,2.167,2.857,2.671,3.276,5.132,1.841,2.328,2.664,4.284,2.48,3.895,1.851,2.678,2.537,4.127,6.46,4.772,2.504,5.38,2.088,5.281,2.39,2.517,4.878,5.91,1.91,3.986,4.759,2.932,3.926,2.762,4.309,4.557,4.302,3.512,3.32,3.001,5.114,3.5,3.346,4.778,3.822,2.248,4.393,3.414,0.756,3.354,1.554,5.959,4.635,5.091,2.675,1.273,3.327,2.65,2.87,6.634,1.676,4.079,0.474,1.745,4.671,3.855,4.219,3.111,1.723,3.22,1.429,5.242,4.197,3.532,4.531,0.907,6.62,3.99,8.972,2.882,2.616,4.837,6.141,0.596,0.22,3.45,2.796,5.352,4.07,1.641,5.373,2.576,2.688,5.469,5.432,1.79,2.727,1.292,3.236,2.241,2.356,5.143,2.26,3.729,5.03,5.341,4.084,0.474,2.922,1.939,3.581,2.572,4.776,4.345,3.248,2.538,3.471,5.09,2.787,3.76,3.676,0.209,3.568,2.644,4.197,1.805,3.938,1.953,2.478,5.972,3.541,3.608,1.494
21,3.187,3.455,3.205,4.106,5.307,2.731,3.665,5.653,3.006,4.34,1.606,5.234,3.904,6.052,5.144,3.796,4.034,2.77,2.205,2.858,4.208,3.144,5.168,0.383,4.13,5.175,5.061,1.998,3.107,2.435,2.689,2.477,5.808,4.62,1.452,3.662,2.374,2.565,5.935,2.935,6.256,4.945,2.734,2.396,2.965,4.446,2.11,2.745,3.802,4.692,2.702,4.192,3.235,2.491,4.334,5.14,4.224,5.307,4.035,4.715,1.027,3.79,3.24,1.711,4.674,2.874,4.747,4.507,3.634,2.416,8.259,4.218,5.25,4.957,1.825,4.083,3.724,2.793,3.32,2.676,3.125,2.558,2.667,3.242,6.763,5.469,2.328,3.743,4.858,2.116,2.466,3.56,4.46,2.041,3.268,4.847,4.195,3.665,0.114,4.104,4.51,1.73,3.388,4.805,4.538,6.294,0.362,2.03,4.299,3.807,1.925,3.316,3.619,1.194,2.225,1.426,3.516,3.46,3.261,5.845,4.449,1.378,6.094,4.082,3.867,5.368,2.652,5.617,4.619,4.027,12.001,0.125,3.711,1.35,6.133,2.155,3.138,1.095,3.18,4.927,4.393,3.002,4.02,2.115,4.472,7.624,3.821,5.681,4.008,3.325,4.582,4.66,3.268,1.681,0.268,3.495,2.005,3.375,4.553,1.951,5.06,5.606,2.286,3.89,3.622,2.207,3.103,4.021,3.405,4.138,2.822,3.91,3.34,4.908,4.628,1.641,3.484,4.729,5.112,4.859,2.352,5.882,3.175,4.177,2.536,5.29,5.107,7.278,0.762,2.346,3.928,3.07,4.807,2.731,1.099,3.797,2.238,3.817,5.484,0.165,4.926,3.453,5.052,2.72,2.681,2.58,1.463,2.707,5.298,1.201,0.131,3.676,0.811,2.969,4.106,3.268,1.129,4.016,2.915,2.112,3.011,5.125,4.249,5.255,2.322,5.104,2.345,3.409,3.344,3.978,2.97,3.144,3.73,5.691,3.073,6.725,2.435,1.815,2.255,0.596,3.424,4.605,3.343,4.071,4.44,3.042,5.318,0.269,4.812,3.51,2.847,3.404,0.807,5.892,2.375,3.157,3.588,4.859,4.235,3.201,5.591,4.082,2.98,2.635,2.722,4.226,2.185,6.64,4.18,4.626,3.002,2.367,2.522,2.404,1.345,1.418,4.012,5.112,2.864,8.132,6.409,1.148,6.422,3.617,4.57,6.864,3.876,0.437,5.607,4.098,1.069,4.662,1.692,0.277,4.844,4.093,2.103,3.966,3.673,3.468,1.97,2.624,2.894,1.459,5.115,3.108,3.319,6.592,6.08,5.107,7.439,4.192,6.077,1.387,4.316,4.661,2.013,2.373,5.335,2.606,6.499,0.621,4.811,6.07,4.096,3.509,3.936,1.395,8.768,5.607,2.479,2.651,1.586,4.458,3.369,4.021,1.875,7.35,2.298,0.526,3.378,1.87,2.854,5.158,4.063,3.224,2.296,1.488,3.822,8.81,3.777,6.443,6.384,2.62,3.968,3.776,4.11,2.949,3.678,1.243,1.793,2.329,2.355,2.73,3.585,5.053,3.985,2.178,1.768,2.809,4.349,2.384,2.881,2.888,3.305,2.906,2.05,4.167,1.641,2.428,3.395,3.467,1.984,3.328,3.027,2.654,2.685,3.429,4.941,4.233,2.388,5.039,1.816,6.101,2.963,1.483,5.152,5.1,1.772,3.584,4.224,3.908,4.796,2.497,5.575,3.548,4.465,4.212,3.157,0.672,3.736,2.254,4.933,4.858,4.432,3.901,3.062,2.349,1.46,3.341,1.405,8.846,4.879,3.235,2.626,1.321,1.392,4.345,3.607,5.971,1.642,4.161,0.524,1.409,4.16,4.312,2.77,3.469,3.488,4.83,1.478,3.734,4.74,2.564,3.393,0.991,5.759,3.841,9.015,3.238,2.316,5.141,5.949,0.666,2.141,2.534,2.126,2.362,3.181,3.407,6.15,0.291,1.964,5.365,5.718,2.741,2.71,1.414,5.222,2.099,2.581,3.21,0.575,3.113,4.886,9.056,3.503,1.447,3.098,1.389,4.931,2.259,4.287,3.976,2.268,3.233,4.593,4.627,1.191,4.011,2.778,0.229,5.115,3.104,3.621,1.514,5.321,1.866,1.824,6.347,3.751,5.168,1.984
22,4.062,3.418,1.646,3.721,3.854,5.18,3.991,6.112,3.75,5.676,1.802,4.148,5.867,5.925,4.114,5.085,3.617,2.846,3.12,3.526,3.268,3.086,3.755,0.782,3.953,5.126,5.713,3.266,3.187,1.755,2.192,1.127,3.602,3.883,1.272,3.069,2.182,1.983,3.951,2.948,4.621,4.006,3.21,3.171,2.729,4.935,2.392,3.219,3.357,5.135,3.584,3.511,2.819,3.164,4.16,4.852,3.228,3.776,4.296,5.087,3.132,3.644,3.268,1.252,4.782,3.174,6.101,4.211,3.916,1.978,6.672,3.924,4.414,7.518,2.182,5.734,3.762,3.116,3.62,3.63,2.492,3.725,2.112,2.846,6.862,4.699,3.237,4.945,5.346,1.974,0.771,2.731,3.66,2.81,3.031,6.764,3.969,3.502,2.536,4.15,2.656,1.951,3.822,3.895,5.911,3.268,0.586,2.084,4.633,3.702,1.78,3.356,1.812,1.636,2.336,1.916,2.633,3.791,2.575,6.256,5.665,1.688,7.0,4.314,2.964,4.219,2.258,3.228,3.267,3.842,5.098,0.122,3.12,1.746,5.798,2.597,3.002,0.979,3.678,5.334,5.673,2.689,4.068,1.862,4.877,6.964,4.165,4.029,3.809,2.289,4.613,4.902,3.032,2.525,0.078,3.215,2.282,3.263,4.435,2.1,3.906,5.834,2.139,3.061,4.146,3.06,6.694,5.759,3.904,3.589,3.021,3.882,3.752,6.036,3.411,1.7,2.814,4.875,6.329,4.709,2.458,5.634,2.212,4.016,3.523,3.843,2.492,6.544,0.357,2.357,4.541,3.063,4.123,3.552,1.957,2.638,4.182,5.035,3.54,0.203,4.709,3.093,4.156,4.214,2.58,1.695,0.676,2.805,8.093,3.05,1.043,3.45,1.004,3.038,4.248,3.408,1.203,3.906,2.962,1.992,2.328,7.114,7.17,4.508,2.39,3.16,1.844,3.431,3.348,3.624,2.927,6.156,3.208,5.565,2.633,5.04,1.542,1.669,2.774,0.105,3.58,4.857,3.561,4.048,3.388,2.677,4.201,3.403,4.366,3.21,2.502,2.651,0.85,4.997,3.052,2.712,6.636,4.693,3.71,3.269,4.667,4.571,4.071,1.572,2.107,3.998,1.924,6.116,3.427,5.602,2.912,2.38,2.555,2.506,1.696,0.656,4.518,4.755,3.221,9.204,5.013,4.135,5.036,3.575,5.389,7.455,3.803,0.674,6.082,3.572,0.959,4.035,1.131,2.144,4.128,3.931,1.359,6.544,4.852,4.275,2.047,2.85,2.634,1.595,3.809,2.91,4.274,4.977,7.72,4.914,5.253,4.752,5.298,1.054,4.455,2.915,1.781,3.037,4.252,2.538,7.929,0.384,5.266,7.679,2.085,3.68,3.107,2.872,4.644,5.175,3.181,3.656,4.878,7.178,3.449,5.377,2.126,7.694,2.172,0.505,3.891,1.989,6.582,4.07,4.409,2.887,1.963,2.63,3.704,4.174,3.13,3.374,4.46,3.462,3.941,4.084,3.404,5.004,2.289,2.138,1.509,4.999,2.598,2.77,3.558,5.432,4.729,2.193,0.976,4.0,5.14,2.532,1.887,2.861,3.194,2.684,3.265,4.3,1.592,1.838,3.833,5.28,2.534,2.863,2.555,3.396,2.553,3.645,4.914,4.023,2.747,4.155,2.244,5.077,2.436,2.286,4.971,5.554,1.492,3.927,2.567,2.775,4.618,2.866,7.86,4.089,3.716,3.856,4.758,0.512,5.292,2.216,6.388,5.078,4.673,3.028,2.974,3.434,0.957,2.655,2.228,7.775,5.516,3.958,2.094,1.171,3.354,4.501,3.343,6.128,1.751,4.418,0.518,1.133,3.589,3.566,2.457,3.508,3.239,3.224,1.451,4.087,3.977,2.74,3.97,3.037,5.458,3.723,9.38,2.952,2.815,5.106,4.337,0.76,2.04,3.105,2.836,3.854,4.508,2.335,5.38,3.722,3.363,5.427,5.973,1.798,2.99,1.694,3.605,2.493,1.606,2.934,0.637,2.772,5.697,4.746,4.862,0.461,3.727,1.682,3.81,2.151,3.935,7.747,1.798,3.946,3.608,5.326,1.697,3.562,3.185,0.257,3.484,2.682,3.655,1.838,3.194,1.708,2.533,7.38,3.483,3.755,1.345
